scripts\audits\undo01-r4.audit.raw.txt:11:5. src/renderer/features/reader/SelectionLayer.tsx：在保存成功路径 pushUndo create。
scripts\audits\undo01-r7.audit.raw.txt:654:- file: `src/renderer/features/reader/SelectionLayer.tsx` line_hint around `pushUndo(paperId, ...)` after `await`. Evidence from diff: `const saved = await unwrap(api.reader.saveAnnotation(...)); onSaved(saved); pushUndo(paperId, { kind: 'create', annotation: saved })`.
scripts\audits\ai02-impl-r2.audit.raw.txt:737:Potential issue: The diff doesn't modify `src/renderer/features/reader/SelectionLayer.tsx` if it imported pdfjs types? Maybe it already uses PdfCanvas types. okay.
scripts\audits\f-lint02-design-pkg.md:57:  src/renderer/features/reader/SelectionLayer.tsx: DRAG_SELECT_THRESHOLD_PX
scripts\audits\f-lint02-design-pkg.md:71:  src/renderer/features/reader/SelectionLayer.tsx: SELECTION_DEBOUNCE_MS
scripts\audits\f-lint02-design-pkg.md:79:  src/renderer/features/reader/selection-geometry.ts: TOOLBAR_HEIGHT
scripts\audits\f-lint02-design-pkg.md:108:  src/renderer/features/reader/SelectionLayer.tsx: SAVE_FAILED
scripts\audits\f-a9-impl.report.md:41:- `src/renderer/features/reader/selection-evaluate.ts`：visual 快路径与
scripts\audits\f-a9-review.diff:93:diff --git a/src/renderer/features/reader/selection-evaluate.ts b/src/renderer/features/reader/selection-evaluate.ts
scripts\audits\f-a9-review.diff:95:--- a/src/renderer/features/reader/selection-evaluate.ts
scripts\audits\f-a9-review.diff:96:+++ b/src/renderer/features/reader/selection-evaluate.ts
scripts\audits\f-a9-review.diff:272:import { SelectionLayer } from '../../../src/renderer/features/reader/SelectionLayer'
scripts\audits\f-a9-gate1-pkg.md:122:diff --git a/src/renderer/features/reader/selection-evaluate.ts b/src/renderer/features/reader/selection-evaluate.ts
scripts\audits\f-a9-gate1-pkg.md:124:--- a/src/renderer/features/reader/selection-evaluate.ts
scripts\audits\f-a9-gate1-pkg.md:125:+++ b/src/renderer/features/reader/selection-evaluate.ts
scripts\audits\f-a9-gate1-pkg.md:301:import { SelectionLayer } from '../../../src/renderer/features/reader/SelectionLayer'
scripts\audits\f-a9-gate1-pkg.md:634:- `src/renderer/features/reader/selection-evaluate.ts`：visual 快路径与
scripts\audits\f-a9-final.diff:93:diff --git a/src/renderer/features/reader/selection-evaluate.ts b/src/renderer/features/reader/selection-evaluate.ts
scripts\audits\f-a9-final.diff:95:--- a/src/renderer/features/reader/selection-evaluate.ts
scripts\audits\f-a9-final.diff:96:+++ b/src/renderer/features/reader/selection-evaluate.ts
scripts\audits\f-a9-final.diff:276:import { SelectionLayer } from '../../../src/renderer/features/reader/SelectionLayer'
scripts\audits\f-a9-gate2-pkg.md:117:diff --git a/src/renderer/features/reader/selection-evaluate.ts b/src/renderer/features/reader/selection-evaluate.ts
scripts\audits\f-a9-gate2-pkg.md:119:--- a/src/renderer/features/reader/selection-evaluate.ts
scripts\audits\f-a9-gate2-pkg.md:120:+++ b/src/renderer/features/reader/selection-evaluate.ts
scripts\audits\f-a9-gate2-pkg.md:300:import { SelectionLayer } from '../../../src/renderer/features/reader/SelectionLayer'
scripts\audits\f-a12-gate2.md:31:- 翻 done 推演：registry L266 file='src/renderer/features/reader/SelectionLayer.tsx' 存在 ✓（状态 open——收口前不翻，正确）。
scripts\audits\f-css03-gate1-diff.patch:309:+| --reader-selection-paint | `rgba(0, 0, 0, 0.2)` | features/reader/selection-paint.tsx（`0.20` 尾零 ※） |
scripts\audits\f-css03-gate1-diff.patch:311:+| --shadow-pop-sm | `0 2px 8px rgba(0, 0, 0, 0.15)` | features/reader/SelectionToolbar.tsx |
scripts\audits\f-css03-gate1-diff.patch:578:diff --git a/src/renderer/features/reader/SelectionToolbar.tsx b/src/renderer/features/reader/SelectionToolbar.tsx
scripts\audits\f-css03-gate1-diff.patch:580:--- a/src/renderer/features/reader/SelectionToolbar.tsx
scripts\audits\f-css03-gate1-diff.patch:581:+++ b/src/renderer/features/reader/SelectionToolbar.tsx
scripts\audits\f-css03-gate1-diff.patch:591:diff --git a/src/renderer/features/reader/selection-paint.tsx b/src/renderer/features/reader/selection-paint.tsx
scripts\audits\f-css03-gate1-diff.patch:593:--- a/src/renderer/features/reader/selection-paint.tsx
scripts\audits\f-css03-gate1-diff.patch:594:+++ b/src/renderer/features/reader/selection-paint.tsx
scripts\audits\f-css03-impl.report.md:229:| --reader-selection-paint | `rgba(0, 0, 0, 0.2)` | features/reader/selection-paint.tsx（`0.20` 尾零 ※） |
scripts\audits\f-css03-impl.report.md:231:| --shadow-pop-sm | `0 2px 8px rgba(0, 0, 0, 0.15)` | features/reader/SelectionToolbar.tsx |
scripts\audits\f-css03-gate1-prompt.md:441:+| --reader-selection-paint | `rgba(0, 0, 0, 0.2)` | features/reader/selection-paint.tsx（`0.20` 尾零 ※） |
scripts\audits\f-css03-gate1-prompt.md:443:+| --shadow-pop-sm | `0 2px 8px rgba(0, 0, 0, 0.15)` | features/reader/SelectionToolbar.tsx |
scripts\audits\f-css03-gate1-prompt.md:710:diff --git a/src/renderer/features/reader/SelectionToolbar.tsx b/src/renderer/features/reader/SelectionToolbar.tsx
scripts\audits\f-css03-gate1-prompt.md:712:--- a/src/renderer/features/reader/SelectionToolbar.tsx
scripts\audits\f-css03-gate1-prompt.md:713:+++ b/src/renderer/features/reader/SelectionToolbar.tsx
scripts\audits\f-css03-gate1-prompt.md:723:diff --git a/src/renderer/features/reader/selection-paint.tsx b/src/renderer/features/reader/selection-paint.tsx
scripts\audits\f-css03-gate1-prompt.md:725:--- a/src/renderer/features/reader/selection-paint.tsx
scripts\audits\f-css03-gate1-prompt.md:726:+++ b/src/renderer/features/reader/selection-paint.tsx
scripts\audits\f-css03-gate1-prompt.md:1735:| --reader-selection-paint | `rgba(0, 0, 0, 0.2)` | features/reader/selection-paint.tsx（`0.20` 尾零 ※） |
scripts\audits\f-css03-gate1-prompt.md:1737:| --shadow-pop-sm | `0 2px 8px rgba(0, 0, 0, 0.15)` | features/reader/SelectionToolbar.tsx |
scripts\audits\f-css03-gate2-prompt.md:499:+| --reader-selection-paint | `rgba(0, 0, 0, 0.2)` | features/reader/selection-paint.tsx（`0.20` 尾零 ※） |
scripts\audits\f-css03-gate2-prompt.md:501:+| --shadow-pop-sm | `0 2px 8px rgba(0, 0, 0, 0.15)` | features/reader/SelectionToolbar.tsx |
scripts\audits\f-css03-gate2-prompt.md:768:diff --git a/src/renderer/features/reader/SelectionToolbar.tsx b/src/renderer/features/reader/SelectionToolbar.tsx
scripts\audits\f-css03-gate2-prompt.md:770:--- a/src/renderer/features/reader/SelectionToolbar.tsx
scripts\audits\f-css03-gate2-prompt.md:771:+++ b/src/renderer/features/reader/SelectionToolbar.tsx
scripts\audits\f-css03-gate2-prompt.md:781:diff --git a/src/renderer/features/reader/selection-paint.tsx b/src/renderer/features/reader/selection-paint.tsx
scripts\audits\f-css03-gate2-prompt.md:783:--- a/src/renderer/features/reader/selection-paint.tsx
scripts\audits\f-css03-gate2-prompt.md:784:+++ b/src/renderer/features/reader/selection-paint.tsx
scripts\audits\f-css03-gate2-prompt.md:1793:| --reader-selection-paint | `rgba(0, 0, 0, 0.2)` | features/reader/selection-paint.tsx（`0.20` 尾零 ※） |
scripts\audits\f-css03-gate2-prompt.md:1795:| --shadow-pop-sm | `0 2px 8px rgba(0, 0, 0, 0.15)` | features/reader/SelectionToolbar.tsx |
scripts\audits\f-css03-gate1-kimi-retry-prompt.md:441:+| --reader-selection-paint | `rgba(0, 0, 0, 0.2)` | features/reader/selection-paint.tsx（`0.20` 尾零 ※） |
scripts\audits\f-css03-gate1-kimi-retry-prompt.md:443:+| --shadow-pop-sm | `0 2px 8px rgba(0, 0, 0, 0.15)` | features/reader/SelectionToolbar.tsx |
scripts\audits\f-css03-gate1-kimi-retry-prompt.md:710:diff --git a/src/renderer/features/reader/SelectionToolbar.tsx b/src/renderer/features/reader/SelectionToolbar.tsx
scripts\audits\f-css03-gate1-kimi-retry-prompt.md:712:--- a/src/renderer/features/reader/SelectionToolbar.tsx
scripts\audits\f-css03-gate1-kimi-retry-prompt.md:713:+++ b/src/renderer/features/reader/SelectionToolbar.tsx
scripts\audits\f-css03-gate1-kimi-retry-prompt.md:723:diff --git a/src/renderer/features/reader/selection-paint.tsx b/src/renderer/features/reader/selection-paint.tsx
scripts\audits\f-css03-gate1-kimi-retry-prompt.md:725:--- a/src/renderer/features/reader/selection-paint.tsx
scripts\audits\f-css03-gate1-kimi-retry-prompt.md:726:+++ b/src/renderer/features/reader/selection-paint.tsx
scripts\audits\f-css03-gate1-kimi-retry-prompt.md:1735:| --reader-selection-paint | `rgba(0, 0, 0, 0.2)` | features/reader/selection-paint.tsx（`0.20` 尾零 ※） |
scripts\audits\f-css03-gate1-kimi-retry-prompt.md:1737:| --shadow-pop-sm | `0 2px 8px rgba(0, 0, 0, 0.15)` | features/reader/SelectionToolbar.tsx |
scripts\audits\f-css03-slice2.patch:235:+| --reader-selection-paint | `rgba(0, 0, 0, 0.2)` | features/reader/selection-paint.tsx（`0.20` 尾零 ※） |
scripts\audits\f-css03-slice2.patch:237:+| --shadow-pop-sm | `0 2px 8px rgba(0, 0, 0, 0.15)` | features/reader/SelectionToolbar.tsx |
scripts\audits\f-css03-slice2.patch:423:diff --git a/src/renderer/features/reader/SelectionToolbar.tsx b/src/renderer/features/reader/SelectionToolbar.tsx
scripts\audits\f-css03-slice2.patch:425:--- a/src/renderer/features/reader/SelectionToolbar.tsx
scripts\audits\f-css03-slice2.patch:426:+++ b/src/renderer/features/reader/SelectionToolbar.tsx
scripts\audits\f-css03-slice2.patch:436:diff --git a/src/renderer/features/reader/selection-paint.tsx b/src/renderer/features/reader/selection-paint.tsx
scripts\audits\f-css03-slice2.patch:438:--- a/src/renderer/features/reader/selection-paint.tsx
scripts\audits\f-css03-slice2.patch:439:+++ b/src/renderer/features/reader/selection-paint.tsx
scripts\audits\f-css03-ku0-p4.patch:89:diff --git a/src/renderer/features/reader/SelectionToolbar.tsx b/src/renderer/features/reader/SelectionToolbar.tsx
scripts\audits\f-css03-ku0-p4.patch:91:--- a/src/renderer/features/reader/SelectionToolbar.tsx
scripts\audits\f-css03-ku0-p4.patch:92:+++ b/src/renderer/features/reader/SelectionToolbar.tsx
scripts\audits\f-css03-ku0-p4.patch:96:diff --git a/src/renderer/features/reader/selection-paint.tsx b/src/renderer/features/reader/selection-paint.tsx
scripts\audits\f-css03-ku0-p4.patch:98:--- a/src/renderer/features/reader/selection-paint.tsx
scripts\audits\f-css03-ku0-p4.patch:99:+++ b/src/renderer/features/reader/selection-paint.tsx
scripts\audits\f-css03-kimi-p3-prompt.md:336:| --reader-selection-paint | `rgba(0, 0, 0, 0.2)` | features/reader/selection-paint.tsx（`0.20` 尾零 ※） |
scripts\audits\f-css03-kimi-p3-prompt.md:338:| --shadow-pop-sm | `0 2px 8px rgba(0, 0, 0, 0.15)` | features/reader/SelectionToolbar.tsx |
scripts\audits\f-css03-kimi-p4-prompt.md:106:diff --git a/src/renderer/features/reader/SelectionToolbar.tsx b/src/renderer/features/reader/SelectionToolbar.tsx
scripts\audits\f-css03-kimi-p4-prompt.md:108:--- a/src/renderer/features/reader/SelectionToolbar.tsx
scripts\audits\f-css03-kimi-p4-prompt.md:109:+++ b/src/renderer/features/reader/SelectionToolbar.tsx
scripts\audits\f-css03-kimi-p4-prompt.md:113:diff --git a/src/renderer/features/reader/selection-paint.tsx b/src/renderer/features/reader/selection-paint.tsx
scripts\audits\f-css03-kimi-p4-prompt.md:115:--- a/src/renderer/features/reader/selection-paint.tsx
scripts\audits\f-css03-kimi-p4-prompt.md:116:+++ b/src/renderer/features/reader/selection-paint.tsx
scripts\audits\f-css03-kimi-p4-call.raw.txt:7:证据：`src/renderer/features/reader/selection-paint.tsx:41 const PAINT_BG = 'var(--reader-selection-paint)'`
scripts\audits\f-css03-kimi-p4.md:6:证据：`src/renderer/features/reader/selection-paint.tsx:41 const PAINT_BG = 'var(--reader-selection-paint)'`
scripts\audits\f-a12-red.raw.txt:16:[31m[1mError[22m: Failed to resolve import "../../../src/renderer/features/reader/release-affinity" from "tests/unit/renderer/release-affinity.test.ts". Does the file exist?[39m
scripts\audits\f-a12-red.raw.txt:20:  2  |  import { releaseAffinity } from "../../../src/renderer/features/reader/release-affinity";
scripts\audits\f-a12-gate1-prompt.md:21:diff --git a/src/renderer/features/reader/SelectionLayer.tsx b/src/renderer/features/reader/SelectionLayer.tsx
scripts\audits\f-a12-gate1-prompt.md:23:--- a/src/renderer/features/reader/SelectionLayer.tsx
scripts\audits\f-a12-gate1-prompt.md:24:+++ b/src/renderer/features/reader/SelectionLayer.tsx
scripts\audits\f-a12-gate1-prompt.md:161:diff --git a/src/renderer/features/reader/release-affinity.ts b/src/renderer/features/reader/release-affinity.ts
scripts\audits\f-a12-gate1-prompt.md:165:+++ b/src/renderer/features/reader/release-affinity.ts
scripts\audits\f-a12-gate1-prompt.md:341:+import { releaseAffinity } from '../../../src/renderer/features/reader/release-affinity'
scripts\audits\f-a12-gate1-r2-core.diff:1:diff --git a/src/renderer/features/reader/SelectionLayer.tsx b/src/renderer/features/reader/SelectionLayer.tsx
scripts\audits\f-a12-gate1-r2-core.diff:3:--- a/src/renderer/features/reader/SelectionLayer.tsx
scripts\audits\f-a12-gate1-r2-core.diff:4:+++ b/src/renderer/features/reader/SelectionLayer.tsx
scripts\audits\f-a12-gate1-r2-core.diff:65:diff --git a/src/renderer/features/reader/release-affinity.ts b/src/renderer/features/reader/release-affinity.ts
scripts\audits\f-a12-gate1-r2-core.diff:69:+++ b/src/renderer/features/reader/release-affinity.ts
scripts\audits\f-a12-gate1-r2-core.diff:289:+import { releaseAffinity } from '../../../src/renderer/features/reader/release-affinity'
scripts\audits\f-a12-gate1-r2-core.diff:562:+import { SelectionLayer } from '../../../src/renderer/features/reader/SelectionLayer'
scripts\audits\f-a12-gate1-core.diff:1:diff --git a/src/renderer/features/reader/SelectionLayer.tsx b/src/renderer/features/reader/SelectionLayer.tsx
scripts\audits\f-a12-gate1-core.diff:3:--- a/src/renderer/features/reader/SelectionLayer.tsx
scripts\audits\f-a12-gate1-core.diff:4:+++ b/src/renderer/features/reader/SelectionLayer.tsx
scripts\audits\f-a12-gate1-core.diff:141:diff --git a/src/renderer/features/reader/release-affinity.ts b/src/renderer/features/reader/release-affinity.ts
scripts\audits\f-a12-gate1-core.diff:145:+++ b/src/renderer/features/reader/release-affinity.ts
scripts\audits\f-a12-gate1-core.diff:321:+import { releaseAffinity } from '../../../src/renderer/features/reader/release-affinity'
scripts\audits\p7f-ticketing-draft.md:134:`// b3: P7-F`(注册文件=src/renderer/features/reader/SelectionLayer.tsx 改造)
scripts\audits\f-a12-impl.report.md:32:| src/renderer/features/reader/release-affinity.ts | 新增 | 166（≤300 ✓） |
scripts\audits\f-a12-impl.report.md:33:| src/renderer/features/reader/SelectionLayer.tsx | 修改 +32/-1 | 207→237（组件 ≤250 ✓） |
scripts\audits\f-a12-gate1-r2-prompt.md:41:diff --git a/src/renderer/features/reader/SelectionLayer.tsx b/src/renderer/features/reader/SelectionLayer.tsx
scripts\audits\f-a12-gate1-r2-prompt.md:43:--- a/src/renderer/features/reader/SelectionLayer.tsx
scripts\audits\f-a12-gate1-r2-prompt.md:44:+++ b/src/renderer/features/reader/SelectionLayer.tsx
scripts\audits\f-a12-gate1-r2-prompt.md:105:diff --git a/src/renderer/features/reader/release-affinity.ts b/src/renderer/features/reader/release-affinity.ts
scripts\audits\f-a12-gate1-r2-prompt.md:109:+++ b/src/renderer/features/reader/release-affinity.ts
scripts\audits\f-a12-gate1-r2-prompt.md:329:+import { releaseAffinity } from '../../../src/renderer/features/reader/release-affinity'
scripts\audits\f-a12-gate1-r2-prompt.md:602:+import { SelectionLayer } from '../../../src/renderer/features/reader/SelectionLayer'
scripts\audits\f02-impl.report.md:42:| src/renderer/features/reader/SelectionLayer.tsx | 改 243→249 | 动态锚定根+跨页拒绝+坐标经页盒（quality 组件 ≤250 关卡内） |
scripts\audits\f02-gate1.diff:59:diff --git a/src/renderer/features/reader/SelectionLayer.tsx b/src/renderer/features/reader/SelectionLayer.tsx
scripts\audits\f02-gate1.diff:61:--- a/src/renderer/features/reader/SelectionLayer.tsx
scripts\audits\f02-gate1.diff:62:+++ b/src/renderer/features/reader/SelectionLayer.tsx
scripts\audits\f02-gate1.diff:545:+} from '../../../src/renderer/features/reader/SelectionLayer'
scripts\audits\sr2-f-07-impl.report.md:73:| `src/renderer/features/reader/SelectionLayer.tsx` | 改 | 头注 F-07 段（层叠次推演）；PendingSelection+overlay；evaluate 容器换算；渲染改挂两子组件；textLayer 类型收窄 |
scripts\audits\sr2-f-07-impl.report.md:75:| `src/renderer/features/reader/SelectionToolbar.tsx` | **新** | 划选工具条组件（同上；KIND_LABEL 随迁） |
scripts\audits\sr2-f-07-gate1.diff:55:diff --git a/src/renderer/features/reader/SelectionLayer.tsx b/src/renderer/features/reader/SelectionLayer.tsx
scripts\audits\sr2-f-07-gate1.diff:57:--- a/src/renderer/features/reader/SelectionLayer.tsx
scripts\audits\sr2-f-07-gate1.diff:58:+++ b/src/renderer/features/reader/SelectionLayer.tsx
scripts\audits\sr2-f-07-gate1.diff:439:=== NEW FILE: src/renderer/features/reader/SelectionToolbar.tsx ===
scripts\audits\w1b-gate1-diff.patch:360: import { SelectionLayer } from '../../../src/renderer/features/reader/SelectionLayer'
scripts\audits\w1b-gate1-diff.patch:1520: import { releaseAffinity } from '../../../src/renderer/features/reader/release-affinity'
scripts\audits\w1b-gate1-diff.patch:1701: import { SelectionLayer } from '../../../src/renderer/features/reader/SelectionLayer'
scripts\audits\w1b-gate1-diff.patch:1748: import { SelectionLayer } from '../../../src/renderer/features/reader/SelectionLayer'
scripts\audits\w1b-gate1-diff.patch:1796: import { SelectionLayer } from '../../../src/renderer/features/reader/SelectionLayer'
scripts\audits\w1b-gate1-diff.patch:1947: import { SelectionLayer } from '../../../src/renderer/features/reader/SelectionLayer'
scripts\audits\w1a-gate1-diff.patch:263: import { SelectionLayer } from '../../../src/renderer/features/reader/SelectionLayer'
scripts\audits\w1a-gate1-diff.patch:1125: import { SelectionLayer } from '../../../src/renderer/features/reader/SelectionLayer'
scripts\audits\w1a-gate1-diff.patch:1160: import { SelectionLayer } from '../../../src/renderer/features/reader/SelectionLayer'
scripts\audits\w1a-gate1-diff.patch:1196: import { SelectionLayer } from '../../../src/renderer/features/reader/SelectionLayer'
scripts\audits\w1a-gate1-diff.patch:1232: } from '../../../src/renderer/features/reader/SelectionLayer'
scripts\audits\w1a-gate1-diff.patch:1293: import { SelectionLayer } from '../../../src/renderer/features/reader/SelectionLayer'
scripts\audits\sr2-f-08-gate1.diff:53:diff --git a/src/renderer/features/reader/SelectionLayer.tsx b/src/renderer/features/reader/SelectionLayer.tsx
scripts\audits\sr2-f-08-gate1.diff:55:--- a/src/renderer/features/reader/SelectionLayer.tsx
scripts\audits\sr2-f-08-gate1.diff:56:+++ b/src/renderer/features/reader/SelectionLayer.tsx
scripts\audits\sr2-f-08-brief.md:27:  3. `src/renderer/features/reader/SelectionLayer.tsx`：摘 `SelectionRects`
scripts\audits\sr2-f-08-impl.report.md:22:| `src/renderer/features/reader/SelectionLayer.tsx` | 改（249→226 行） | 头注 F-07 层叠推演段改写 F-08；摘 import（旧 :51）/PendingSelection.overlay 字段/evaluate 内 tlBox+overlay 字面量/渲染块 SelectionRects 行/data-ticket 占位包装 div；evaluate 定位数学、save、undo、Escape、事件注册零动 |
scripts\audits\w4-gate1-diff.patch:159: | INV-62 | 划选终点事件层可重定向：mouseup 真划选（位移≥3px）且释放点浅探（focus 行盒顶上方间隙+距上一视觉行盒底 ≤ max(距 focus 盒顶, 4px 余量)+释放 x 在上一行释放 x 最近栏组右缘+1px 外——该处无文本）时，selection focus 可被改写为上一行（该栏组）行尾（锚定侧原样）——锚定链输入此前仅浏览器原生解析（F-A10 G2 文本位下探锚定层零 DOM 信号），事件层改写须发生在 evaluate.full 之前同帧消费终态；量测不可用环境零变 | F-A12 2026-09-10；判定=src/renderer/features/reader/release-affinity.ts（纯函数——手势态表+事件时间线驻头注）；接线=SelectionLayer.onMouseUp（dragged 门=程序化零触） | release-affinity.test.ts 17 用例（G2 紧间隙复刻/深点零变/词间空格行盒内零触/向上对称面/四零盒守卫/双栏最近栏组定向/首行零变/坍缩零触/等距取上一行/大间隙刻意零变/W1 域判别+容差双点/W2 跨多行上界/C-1 翻转兜底回归网）+selection-layer-fa12.test.tsx 接线三态锁（程序化零触/微位移早退/真划选触发） | 已锚定（单测级 F-A12 本单；已知边界=栏间隙释放保守零变[R-2]+组内 right 非单调选组偏差[R-1 罕见保守]——观察备案真机再现再立票） |
scripts\audits\geom01-impl-registry.patch:23:+  { id: 'F-GEOM-01-G2', file: 'src/renderer/features/reader/selection-evaluate.ts', area: 'reader', owner: 'strong', status: 'open', summary: '保存链单源门+几何死面收敛（设计书 §2.4/§3.5——**战役唯一行为变更票**；2/11）：①保存门=evaluateCore itemChainFor 返 null 时 setPaint 照渲 DOM 回退形状（视觉连续，现状）+setPending(null)（原为 pending=DOM 形状 anchor）+warn 单源（复用 itemChainFor 诊断单源）——「所见≠所存时不给保存入口」（生产影响≈零：item 链失败三因健康页近零发生，主存活面=jsdom 测试环境）；②probeOffsetLen 收敛（selection-evaluate 复刻 anchor-serialize 私有 probeTextLength≈15 行→显式导出面+复刻删除）；③rectsFromRange 死导出面删除（src 零消费+受锁测试 1 用例≈25 行——死代码即删宪法条，候选项经双门裁）；受锁面先行对账义务（§2.4）=tests/unit/renderer/selection-layer.test.tsx 14 用例无 page-items 桩（grep 实测零命中）——立案时先出断言对账表（§5.2 风险 1），保存流用例补页项桩（tests/utils 工厂面 page-items.store 直改先例）+断言面按项族产物更新；指纹门 C 面变更走豁免清单条目（reason=设计书 §2.4+裁决链）+条目数 >10 呈主控复裁（§5.2 风险 2）；INV-58 修订（保存链条款+selection-evaluate:54 stale 自述重写）随本票；[locked-change][test-refactor]；验收=指纹门 C_after ⊇ C_before+锚定回归网+e2e 默认门' },
scripts\audits\geom01-impl-gate1-brief.md:45:  { id: 'F-GEOM-01-G2', file: 'src/renderer/features/reader/selection-evaluate.ts', area: 'reader', owner: 'strong', status: 'open', summary: '保存链单源门+几何死面收敛（设计书 §2.4/§3.5——**战役唯一行为变更票**；2/11）：①保存门=evaluateCore itemChainFor 返 null 时 setPaint 照渲 DOM 回退形状（视觉连续，现状）+setPending(null)（原为 pending=DOM 形状 anchor）+warn 单源（复用 itemChainFor 诊断单源）——「所见≠所存时不给保存入口」（生产影响≈零：item 链失败三因健康页近零发生，主存活面=jsdom 测试环境）；②probeOffsetLen 收敛（selection-evaluate 复刻 anchor-serialize 私有 probeTextLength≈15 行→显式导出面+复刻删除）；③rectsFromRange 死导出面删除（src 零消费+受锁测试 1 用例≈25 行——死代码即删宪法条，候选项经双门裁）；受锁面先行对账义务（§2.4）=tests/unit/renderer/selection-layer.test.tsx 14 用例无 page-items 桩（grep 实测零命中）——立案时先出断言对账表（§5.2 风险 1），保存流用例补页项桩（tests/utils 工厂面 page-items.store 直改先例）+断言面按项族产物更新；指纹门 C 面变更走豁免清单条目（reason=设计书 §2.4+裁决链）+条目数 >10 呈主控复裁（§5.2 风险 2）；INV-58 修订（保存链条款+selection-evaluate:54 stale 自述重写）随本票；[locked-change][test-refactor]；验收=指纹门 C_after ⊇ C_before+锚定回归网+e2e 默认门' },
scripts\audits\g2-impl-brief.md:11:**T1 保存门（唯一行为变更）**：src/renderer/features/reader/selection-evaluate.ts
scripts\audits\g2-gate1-diff.patch:9:-| INV-58 | 拖选期视觉与保存 rects 同几何管线（F-A6，2026-09-04 随 c 票落地登记；**F-A8 门2 扩域**同日）：快路径（evaluateVisual）与全量（evaluateFull/settle）必须属**同一几何族**（pdf-item-geometry 项声明几何族：rectsForOffsetRange+基线分组 baselineGroupBlocks+bandsFromItems——b2 主链迁移/c 快路径接线），禁止第二几何口径（防松手同帧把旧错几何带回——deepseek 终位 WARN-3）；rect 与 bands 同由项几何+styles 派生（C5，禁项源 rect×DOM 量测 band 混用——matchBand 两口径混用=b 链错绑同构风险）；**适用域=selection 产链（evaluate→paint→pending.anchor.rects→save）+Annotation/AiAnnotation 重锚链（F-A8 门2 起项几何族=重锚主链）**；DOM 量测仅允许存在于显式回退层（resolveAnnotationRectsDom=S4 页级回退，**函数体零改**=INV-47 数值面锚）且产物必须标域（source:'dom'——INV-60）；**S6 名实（门一 W1 补注）：S6 触发=项盒健康代理——blocks 经 clamp01×base 构造恒落盒内，unhealthy 实由 boxes[项几何]越界触发，项盒健康而 DOM 链独立病理时 S6 不拦（门 3 随回退层去留复核）**；回退层允许（DOM 量测=快→全量→DOM 三层回退的末端，warn 不静默——三回退因：页项缺失/偏移对账失败/计算异常） | src/renderer/features/reader/selection-evaluate.ts（双路径单文件：快=evaluateVisual 项几何直取/全量=evaluateFull 保存链权威）+pdf-item-geometry.ts（项几何族单源：viewportTransformFor/rectsForOffsetRange/baselineGroupBlocks/bandsFromItems+G2 检测器阈值常量）+SelectionLayer.tsx 接线（evaluate 域拆出+paint 态承载）+page-items.store（zustand 单源注册表——页项/几何下钻通道）+**annotation-resolve-layered.ts（F-A8 门2：重锚三层编排器 S0~S6——AnnotationLayer/AiAnnotationLayer 共形消费）** | 单测（selection-evaluate.test：快慢等价 it——同夹具 rAF 帧快路径产物与 settle 全量产物逐位一致（块数+四向几何）+同帧覆盖 it——快路径帧落地后全量覆盖（mid-drag zoom 差分形态，终态=全量产物）+快路径跨页守卫 it+W1 mouseup 顺序锚；MUT3 快路径守卫(ii) 删除红证在档）+四轮取证 A/B 对照（scripts/audits/f-a6-forensic-verdict.md §11/§12——甲乙同链 shift ≤0.01px 按构造+D1 面逐位零回归）+**annotation-layer.test/ai-annotation-layer.test F-A8 门2 describe（S0 缺席/S1 对账失败回退/S2 项几何产物/S3b 条目回退/S6 病理抑制/CR1 竞态 fixture/域标记——M1 删订阅/M2 删 S6/M3 主链换 DOM 变异红证在档）** | 已锚定（2026-09-04 F-A6；F-A8 门2 扩域同日） |
scripts\audits\g2-gate1-diff.patch:10:+| INV-58 | 拖选期视觉与保存 rects 同几何管线（F-A6，2026-09-04 随 c 票落地登记；**F-A8 门2 扩域**同日）：快路径（evaluateVisual）与全量（evaluateFull/settle）必须属**同一几何族**（pdf-item-geometry 项声明几何族：rectsForOffsetRange+基线分组 baselineGroupBlocks+bandsFromItems——b2 主链迁移/c 快路径接线），禁止第二几何口径（防松手同帧把旧错几何带回——deepseek 终位 WARN-3）；rect 与 bands 同由项几何+styles 派生（C5，禁项源 rect×DOM 量测 band 混用——matchBand 两口径混用=b 链错绑同构风险）；**适用域=selection 产链（evaluate→paint→pending.anchor.rects→save）+Annotation/AiAnnotation 重锚链（F-A8 门2 起项几何族=重锚主链）**；DOM 量测仅允许存在于显式回退层（resolveAnnotationRectsDom=S4 页级回退，**函数体零改**=INV-47 数值面锚）且产物必须标域（source:'dom'——INV-60）；**[F-GEOM-01-G2 保存门，2026-09-18] selection 全量评估 item 链失败（页项缺失/偏移对账失败/计算异常三因）＝仅显示不入库**：paint 照渲 DOM 回退形状（视觉连续）＋pending=null（不挂工具条＝无保存入口）——「所见≠所存时不给保存入口」，保存链落库 rects 恒为项族形状（原 pending=DOM 形状 anchor 可入库的接缝闭合，设计书 §2.4/§2.2 序列⑤）；诊断单源＝itemChainFor 三因 warn；**S6 名实（门一 W1 补注）：S6 触发=项盒健康代理——blocks 经 clamp01×base 构造恒落盒内，unhealthy 实由 boxes[项几何]越界触发，项盒健康而 DOM 链独立病理时 S6 不拦（门 3 随回退层去留复核）**；回退层允许（DOM 量测=快→全量→DOM 三层回退的末端，warn 不静默——三回退因：页项缺失/偏移对账失败/计算异常） | src/renderer/features/reader/selection-evaluate.ts（双路径单文件：快=evaluateVisual 项几何直取/全量=evaluateFull 保存链权威）+pdf-item-geometry.ts（项几何族单源：viewportTransformFor/rectsForOffsetRange/baselineGroupBlocks/bandsFromItems+G2 检测器阈值常量）+SelectionLayer.tsx 接线（evaluate 域拆出+paint 态承载）+page-items.store（zustand 单源注册表——页项/几何下钻通道）+**annotation-resolve-layered.ts（F-A8 门2：重锚三层编排器 S0~S6——AnnotationLayer/AiAnnotationLayer 共形消费）** | 单测（selection-evaluate.test：快慢等价 it——同夹具 rAF 帧快路径产物与 settle 全量产物逐位一致（块数+四向几何）+同帧覆盖 it——快路径帧落地后全量覆盖（mid-drag zoom 差分形态，终态=全量产物）+快路径跨页守卫 it+W1 mouseup 顺序锚；MUT3 快路径守卫(ii) 删除红证在档）+四轮取证 A/B 对照（scripts/audits/f-a6-forensic-verdict.md §11/§12——甲乙同链 shift ≤0.01px 按构造+D1 面逐位零回归）+**annotation-layer.test/ai-annotation-layer.test F-A8 门2 describe（S0 缺席/S1 对账失败回退/S2 项几何产物/S3b 条目回退/S6 病理抑制/CR1 竞态 fixture/域标记——M1 删订阅/M2 删 S6/M3 主链换 DOM 变异红证在档）**；G2 保存门锚＝selection-item-chain.test 回退①改写（工具条 null——变异红证在档） | 已锚定（2026-09-04 F-A6；F-A8 门2 扩域同日） |
scripts\audits\g2-gate1-diff.patch:173:diff --git a/src/renderer/features/reader/selection-evaluate.ts b/src/renderer/features/reader/selection-evaluate.ts
scripts\audits\g2-gate1-diff.patch:175:--- a/src/renderer/features/reader/selection-evaluate.ts
scripts\audits\g2-gate1-diff.patch:176:+++ b/src/renderer/features/reader/selection-evaluate.ts
scripts\audits\g2-gate1-diff.patch:351: } from '../../../src/renderer/features/reader/SelectionLayer'
scripts\audits\g2-impl-report.md:26:| T1+T2+T5 | src/renderer/features/reader/selection-evaluate.ts | +20/-33 | 保存门 else 臂+尾段收窄；probeTextLength import+2 调用点改名+删复刻 26 行；头注重写 4 处 |
scripts\audits\g2-gate1-brief.md:10:- registry 票 F-GEOM-01-G2（file=src/renderer/features/reader/selection-evaluate.ts，
scripts\audits\g3-gate1-diff.patch:9:-| INV-58 | 拖选期视觉与保存 rects 同几何管线（F-A6，2026-09-04 随 c 票落地登记；**F-A8 门2 扩域**同日）：快路径（evaluateVisual）与全量（evaluateFull/settle）必须属**同一几何族**（pdf-item-geometry 项声明几何族：rectsForOffsetRange+基线分组 baselineGroupBlocks+bandsFromItems——b2 主链迁移/c 快路径接线），禁止第二几何口径（防松手同帧把旧错几何带回——deepseek 终位 WARN-3）；rect 与 bands 同由项几何+styles 派生（C5，禁项源 rect×DOM 量测 band 混用——matchBand 两口径混用=b 链错绑同构风险）；**适用域=selection 产链（evaluate→paint→pending.anchor.rects→save）+Annotation/AiAnnotation 重锚链（F-A8 门2 起项几何族=重锚主链）**；DOM 量测仅允许存在于显式回退层（resolveAnnotationRectsDom=S4 页级回退，**函数体零改**=INV-47 数值面锚）且产物必须标域（source:'dom'——INV-60）；**[F-GEOM-01-G2 保存门，2026-09-18] selection 全量评估 item 链失败（页项缺失/偏移对账失败/计算异常三因）＝仅显示不入库**：paint 照渲 DOM 回退形状（视觉连续）＋pending=null（不挂工具条＝无保存入口）——「所见≠所存时不给保存入口」，保存链落库 rects 恒为项族形状（原 pending=DOM 形状 anchor 可入库的接缝闭合，设计书 §2.4/§2.2 序列⑤）；诊断单源＝itemChainFor 三因 warn；**S6 名实（门一 W1 补注）：S6 触发=项盒健康代理——blocks 经 clamp01×base 构造恒落盒内，unhealthy 实由 boxes[项几何]越界触发，项盒健康而 DOM 链独立病理时 S6 不拦（门 3 随回退层去留复核）**；回退层允许（DOM 量测=快→全量→DOM 三层回退的末端，warn 不静默——三回退因：页项缺失/偏移对账失败/计算异常） | src/renderer/features/reader/selection-evaluate.ts（双路径单文件：快=evaluateVisual 项几何直取/全量=evaluateFull 保存链权威）+pdf-item-geometry.ts（项几何族单源：viewportTransformFor/rectsForOffsetRange/baselineGroupBlocks/bandsFromItems+G2 检测器阈值常量）+SelectionLayer.tsx 接线（evaluate 域拆出+paint 态承载）+page-items.store（zustand 单源注册表——页项/几何下钻通道）+**annotation-resolve-layered.ts（F-A8 门2：重锚三层编排器 S0~S6——AnnotationLayer/AiAnnotationLayer 共形消费）** | 单测（selection-evaluate.test：快慢等价 it——同夹具 rAF 帧快路径产物与 settle 全量产物逐位一致（块数+四向几何）+同帧覆盖 it——快路径帧落地后全量覆盖（mid-drag zoom 差分形态，终态=全量产物）+快路径跨页守卫 it+W1 mouseup 顺序锚；MUT3 快路径守卫(ii) 删除红证在档）+四轮取证 A/B 对照（scripts/audits/f-a6-forensic-verdict.md §11/§12——甲乙同链 shift ≤0.01px 按构造+D1 面逐位零回归）+**annotation-layer.test/ai-annotation-layer.test F-A8 门2 describe（S0 缺席/S1 对账失败回退/S2 项几何产物/S3b 条目回退/S6 病理抑制/CR1 竞态 fixture/域标记——M1 删订阅/M2 删 S6/M3 主链换 DOM 变异红证在档）**；G2 保存门锚＝selection-item-chain.test 回退①改写（工具条 null——变异红证在档） | 已锚定（2026-09-04 F-A6；F-A8 门2 扩域同日） |
scripts\audits\g3-gate1-diff.patch:10:+| INV-58 | 拖选期视觉与保存 rects 同几何管线（F-A6，2026-09-04 随 c 票落地登记；**F-A8 门2 扩域**同日）：快路径（evaluateVisual）与全量（evaluateFull/settle）必须属**同一几何族**（pdf-item-geometry 项声明几何族：rectsForOffsetRange+基线分组 baselineGroupBlocks+bandsFromItems——b2 主链迁移/c 快路径接线），禁止第二几何口径（防松手同帧把旧错几何带回——deepseek 终位 WARN-3）；rect 与 bands 同由项几何+styles 派生（C5，禁项源 rect×DOM 量测 band 混用——matchBand 两口径混用=b 链错绑同构风险）；**适用域=selection 产链（evaluate→paint→pending.anchor.rects→save）+Annotation/AiAnnotation 重锚链（F-A8 门2 起项几何族=重锚主链）**；DOM 量测仅允许存在于显式回退层（resolveAnnotationRectsDom=S4 页级回退，**函数体零改**=INV-47 数值面锚）且产物必须标域（source:'dom'——INV-60）；**[F-GEOM-01-G2 保存门，2026-09-18] selection 全量评估 item 链失败（页项缺失/偏移对账失败/计算异常三因）＝仅显示不入库**：paint 照渲 DOM 回退形状（视觉连续）＋pending=null（不挂工具条＝无保存入口）——「所见≠所存时不给保存入口」，保存链落库 rects 恒为项族形状（原 pending=DOM 形状 anchor 可入库的接缝闭合，设计书 §2.4/§2.2 序列⑤）；诊断单源＝itemChainFor 三因 warn；**S6 名实（门一 W1 补注）：S6 触发=项盒健康代理——blocks 经 clamp01×base 构造恒落盒内，unhealthy 实由 boxes[项几何]越界触发，项盒健康而 DOM 链独立病理时 S6 不拦（门 3 随回退层去留复核）**；回退层允许（DOM 量测=快→全量→DOM 三层回退的末端，warn 不静默——三回退因：页项缺失/偏移对账失败/计算异常）；**[F-GEOM-01-G3 坐标域边界注，2026-09-18]** 坐标域三处换算的域归属——selection-geometry localScale=UI 布局域换算（非 PDF 几何域，不参与锚定/归一化数学）；lineage-viewport rootToLocalScale=lineage 域件（INV-43 svg 口径，跨域出 reader 几何战役范围）；annotation-resolve itemViewportOf=项族域内换算（entry 反推，产物 viewport 只入项几何族数学——精度带=门一 W3 口径既有，禁直接混入 DOM 量测域比较）；防 r3a 型域差事故重演（F-A6-b2 实现事故：viewport 产 textLayer 盒本地域 vs gBCR 绝对域混用，G2 检测器实战拦截——事故档 f-a6-diag-out-r3a 在案） | src/renderer/features/reader/selection-evaluate.ts（双路径单文件：快=evaluateVisual 项几何直取/全量=evaluateFull 保存链权威）+pdf-item-geometry.ts（项几何族单源：viewportTransformFor/rectsForOffsetRange/baselineGroupBlocks/bandsFromItems+G2 检测器阈值常量）+SelectionLayer.tsx 接线（evaluate 域拆出+paint 态承载）+page-items.store（zustand 单源注册表——页项/几何下钻通道）+**annotation-resolve-layered.ts（F-A8 门2：重锚三层编排器 S0~S6——AnnotationLayer/AiAnnotationLayer 共形消费）** | 单测（selection-evaluate.test：快慢等价 it——同夹具 rAF 帧快路径产物与 settle 全量产物逐位一致（块数+四向几何）+同帧覆盖 it——快路径帧落地后全量覆盖（mid-drag zoom 差分形态，终态=全量产物）+快路径跨页守卫 it+W1 mouseup 顺序锚；MUT3 快路径守卫(ii) 删除红证在档）+四轮取证 A/B 对照（scripts/audits/f-a6-forensic-verdict.md §11/§12——甲乙同链 shift ≤0.01px 按构造+D1 面逐位零回归）+**annotation-layer.test/ai-annotation-layer.test F-A8 门2 describe（S0 缺席/S1 对账失败回退/S2 项几何产物/S3b 条目回退/S6 病理抑制/CR1 竞态 fixture/域标记——M1 删订阅/M2 删 S6/M3 主链换 DOM 变异红证在档）**；G2 保存门锚＝selection-item-chain.test 回退①改写（工具条 null——变异红证在档） | 已锚定（2026-09-04 F-A6；F-A8 门2 扩域同日） |
scripts\audits\g3-gate1-diff.patch:72:diff --git a/src/renderer/features/reader/selection-geometry.ts b/src/renderer/features/reader/selection-geometry.ts
scripts\audits\g3-gate1-diff.patch:74:--- a/src/renderer/features/reader/selection-geometry.ts
scripts\audits\g3-gate1-diff.patch:75:+++ b/src/renderer/features/reader/selection-geometry.ts
scripts\audits\g3-gate1-diff.patch:87:diff --git a/src/renderer/features/reader/selection-paint.tsx b/src/renderer/features/reader/selection-paint.tsx
scripts\audits\g3-gate1-diff.patch:89:--- a/src/renderer/features/reader/selection-paint.tsx
scripts\audits\g3-gate1-diff.patch:90:+++ b/src/renderer/features/reader/selection-paint.tsx
scripts\audits\g3-impl-brief.md:26:   - `src/renderer/features/reader/selection-geometry.ts`（1~26 行头注+61~66 行 localScale）
scripts\audits\g3-impl-brief.md:30:   - `src/renderer/features/reader/selection-paint.tsx`（49 行 bands props 头注——见③-5）
scripts\audits\g3-impl-report.md:42:| src/renderer/features/reader/selection-geometry.ts | +3/-1 | localScale 域声明 |
scripts\audits\g3-impl-report.md:45:| src/renderer/features/reader/selection-paint.tsx | +7/-3 | 两处陈旧声明勘正 |
scripts\audits\g3-gate2-diff.patch:9:-| INV-58 | 拖选期视觉与保存 rects 同几何管线（F-A6，2026-09-04 随 c 票落地登记；**F-A8 门2 扩域**同日）：快路径（evaluateVisual）与全量（evaluateFull/settle）必须属**同一几何族**（pdf-item-geometry 项声明几何族：rectsForOffsetRange+基线分组 baselineGroupBlocks+bandsFromItems——b2 主链迁移/c 快路径接线），禁止第二几何口径（防松手同帧把旧错几何带回——deepseek 终位 WARN-3）；rect 与 bands 同由项几何+styles 派生（C5，禁项源 rect×DOM 量测 band 混用——matchBand 两口径混用=b 链错绑同构风险）；**适用域=selection 产链（evaluate→paint→pending.anchor.rects→save）+Annotation/AiAnnotation 重锚链（F-A8 门2 起项几何族=重锚主链）**；DOM 量测仅允许存在于显式回退层（resolveAnnotationRectsDom=S4 页级回退，**函数体零改**=INV-47 数值面锚）且产物必须标域（source:'dom'——INV-60）；**[F-GEOM-01-G2 保存门，2026-09-18] selection 全量评估 item 链失败（页项缺失/偏移对账失败/计算异常三因）＝仅显示不入库**：paint 照渲 DOM 回退形状（视觉连续）＋pending=null（不挂工具条＝无保存入口）——「所见≠所存时不给保存入口」，保存链落库 rects 恒为项族形状（原 pending=DOM 形状 anchor 可入库的接缝闭合，设计书 §2.4/§2.2 序列⑤）；诊断单源＝itemChainFor 三因 warn；**S6 名实（门一 W1 补注）：S6 触发=项盒健康代理——blocks 经 clamp01×base 构造恒落盒内，unhealthy 实由 boxes[项几何]越界触发，项盒健康而 DOM 链独立病理时 S6 不拦（门 3 随回退层去留复核）**；回退层允许（DOM 量测=快→全量→DOM 三层回退的末端，warn 不静默——三回退因：页项缺失/偏移对账失败/计算异常） | src/renderer/features/reader/selection-evaluate.ts（双路径单文件：快=evaluateVisual 项几何直取/全量=evaluateFull 保存链权威）+pdf-item-geometry.ts（项几何族单源：viewportTransformFor/rectsForOffsetRange/baselineGroupBlocks/bandsFromItems+G2 检测器阈值常量）+SelectionLayer.tsx 接线（evaluate 域拆出+paint 态承载）+page-items.store（zustand 单源注册表——页项/几何下钻通道）+**annotation-resolve-layered.ts（F-A8 门2：重锚三层编排器 S0~S6——AnnotationLayer/AiAnnotationLayer 共形消费）** | 单测（selection-evaluate.test：快慢等价 it——同夹具 rAF 帧快路径产物与 settle 全量产物逐位一致（块数+四向几何）+同帧覆盖 it——快路径帧落地后全量覆盖（mid-drag zoom 差分形态，终态=全量产物）+快路径跨页守卫 it+W1 mouseup 顺序锚；MUT3 快路径守卫(ii) 删除红证在档）+四轮取证 A/B 对照（scripts/audits/f-a6-forensic-verdict.md §11/§12——甲乙同链 shift ≤0.01px 按构造+D1 面逐位零回归）+**annotation-layer.test/ai-annotation-layer.test F-A8 门2 describe（S0 缺席/S1 对账失败回退/S2 项几何产物/S3b 条目回退/S6 病理抑制/CR1 竞态 fixture/域标记——M1 删订阅/M2 删 S6/M3 主链换 DOM 变异红证在档）**；G2 保存门锚＝selection-item-chain.test 回退①改写（工具条 null——变异红证在档） | 已锚定（2026-09-04 F-A6；F-A8 门2 扩域同日） |
scripts\audits\g3-gate2-diff.patch:10:+| INV-58 | 拖选期视觉与保存 rects 同几何管线（F-A6，2026-09-04 随 c 票落地登记；**F-A8 门2 扩域**同日）：快路径（evaluateVisual）与全量（evaluateFull/settle）必须属**同一几何族**（pdf-item-geometry 项声明几何族：rectsForOffsetRange+基线分组 baselineGroupBlocks+bandsFromItems——b2 主链迁移/c 快路径接线），禁止第二几何口径（防松手同帧把旧错几何带回——deepseek 终位 WARN-3）；rect 与 bands 同由项几何+styles 派生（C5，禁项源 rect×DOM 量测 band 混用——matchBand 两口径混用=b 链错绑同构风险）；**适用域=selection 产链（evaluate→paint→pending.anchor.rects→save）+Annotation/AiAnnotation 重锚链（F-A8 门2 起项几何族=重锚主链）**；DOM 量测仅允许存在于显式回退层（resolveAnnotationRectsDom=S4 页级回退，**函数体零改**=INV-47 数值面锚）且产物必须标域（source:'dom'——INV-60）；**[F-GEOM-01-G2 保存门，2026-09-18] selection 全量评估 item 链失败（页项缺失/偏移对账失败/计算异常三因）＝仅显示不入库**：paint 照渲 DOM 回退形状（视觉连续）＋pending=null（不挂工具条＝无保存入口）——「所见≠所存时不给保存入口」，保存链落库 rects 恒为项族形状（原 pending=DOM 形状 anchor 可入库的接缝闭合，设计书 §2.4/§2.2 序列⑤）；诊断单源＝itemChainFor 三因 warn；**S6 名实（门一 W1 补注）：S6 触发=项盒健康代理——blocks 经 clamp01×base 构造恒落盒内，unhealthy 实由 boxes[项几何]越界触发，项盒健康而 DOM 链独立病理时 S6 不拦（门 3 随回退层去留复核）**；回退层允许（DOM 量测=快→全量→DOM 三层回退的末端，warn 不静默——三回退因：页项缺失/偏移对账失败/计算异常）；**[F-GEOM-01-G3 坐标域边界注，2026-09-18]** 坐标域三处换算的域归属——selection-geometry localScale=UI 布局域换算（非 PDF 几何域，不参与锚定/归一化数学）；lineage-viewport rootToLocalScale=lineage 域件（INV-43 svg 口径，跨域出 reader 几何战役范围）；annotation-resolve itemViewportOf=项族域内换算（entry 反推，产物 viewport 只入项几何族数学——精度带=门一 W3 口径既有，禁直接混入 DOM 量测域比较）；防 r3a 型域差事故重演（F-A6-b2 实现事故：viewport 产 textLayer 盒本地域 vs gBCR 绝对域混用，G2 检测器实战拦截——事故档 f-a6-diag-out-r3a 在案） | src/renderer/features/reader/selection-evaluate.ts（双路径单文件：快=evaluateVisual 项几何直取/全量=evaluateFull 保存链权威）+pdf-item-geometry.ts（项几何族单源：viewportTransformFor/rectsForOffsetRange/baselineGroupBlocks/bandsFromItems+G2 检测器阈值常量）+SelectionLayer.tsx 接线（evaluate 域拆出+paint 态承载）+page-items.store（zustand 单源注册表——页项/几何下钻通道）+**annotation-resolve-layered.ts（F-A8 门2：重锚三层编排器 S0~S6——AnnotationLayer/AiAnnotationLayer 共形消费）** | 单测（selection-evaluate.test：快慢等价 it——同夹具 rAF 帧快路径产物与 settle 全量产物逐位一致（块数+四向几何）+同帧覆盖 it——快路径帧落地后全量覆盖（mid-drag zoom 差分形态，终态=全量产物）+快路径跨页守卫 it+W1 mouseup 顺序锚；MUT3 快路径守卫(ii) 删除红证在档）+四轮取证 A/B 对照（scripts/audits/f-a6-forensic-verdict.md §11/§12——甲乙同链 shift ≤0.01px 按构造+D1 面逐位零回归）+**annotation-layer.test/ai-annotation-layer.test F-A8 门2 describe（S0 缺席/S1 对账失败回退/S2 项几何产物/S3b 条目回退/S6 病理抑制/CR1 竞态 fixture/域标记——M1 删订阅/M2 删 S6/M3 主链换 DOM 变异红证在档）**；G2 保存门锚＝selection-item-chain.test 回退①改写（工具条 null——变异红证在档） | 已锚定（2026-09-04 F-A6；F-A8 门2 扩域同日） |
scripts\audits\g3-gate2-diff.patch:83:diff --git a/src/renderer/features/reader/selection-geometry.ts b/src/renderer/features/reader/selection-geometry.ts
scripts\audits\g3-gate2-diff.patch:85:--- a/src/renderer/features/reader/selection-geometry.ts
scripts\audits\g3-gate2-diff.patch:86:+++ b/src/renderer/features/reader/selection-geometry.ts
scripts\audits\g3-gate2-diff.patch:98:diff --git a/src/renderer/features/reader/selection-paint.tsx b/src/renderer/features/reader/selection-paint.tsx
scripts\audits\g3-gate2-diff.patch:100:--- a/src/renderer/features/reader/selection-paint.tsx
scripts\audits\g3-gate2-diff.patch:101:+++ b/src/renderer/features/reader/selection-paint.tsx
scripts\audits\g4-recon-imports.log.bak-diff:21:  [src]   src/renderer/features/reader/SelectionLayer.tsx
scripts\audits\g4-recon-imports.log.bak-diff:26:  [src]   src/renderer/features/reader/selection-evaluate.ts
scripts\audits\g4-recon-imports.log.bak-diff:76:  [src]   src/renderer/features/reader/SelectionLayer.tsx
scripts\audits\g4-recon-imports.log.bak-diff:95:  [src]   src/renderer/features/reader/selection-paint.tsx
scripts\audits\g4-gate1-diff.patch:294:diff --git a/src/renderer/features/reader/SelectionLayer.tsx b/src/renderer/features/reader/SelectionLayer.tsx
scripts\audits\g4-gate1-diff.patch:296:--- a/src/renderer/features/reader/SelectionLayer.tsx
scripts\audits\g4-gate1-diff.patch:297:+++ b/src/renderer/features/reader/SelectionLayer.tsx
scripts\audits\g4-gate1-diff.patch:420:diff --git a/src/renderer/features/reader/selection-evaluate.ts b/src/renderer/features/reader/selection-evaluate.ts
scripts\audits\g4-gate1-diff.patch:422:--- a/src/renderer/features/reader/selection-evaluate.ts
scripts\audits\g4-gate1-diff.patch:423:+++ b/src/renderer/features/reader/selection-evaluate.ts
scripts\audits\g4-gate1-diff.patch:433:diff --git a/src/renderer/features/reader/selection-paint.tsx b/src/renderer/features/reader/selection-paint.tsx
scripts\audits\g4-gate1-diff.patch:435:--- a/src/renderer/features/reader/selection-paint.tsx
scripts\audits\g4-gate1-diff.patch:436:+++ b/src/renderer/features/reader/selection-paint.tsx
scripts\audits\g4-gate1-diff.patch:944: import { SelectionLayer } from '../../../src/renderer/features/reader/SelectionLayer'
scripts\audits\g4-gate1-diff.patch:957: import { SelectionLayer } from '../../../src/renderer/features/reader/SelectionLayer'
scripts\audits\g4-gate1-diff.patch:1081:   { id: 'SR2-F-07', file: 'src/renderer/features/reader/SelectionLayer.tsx', area: 'reader', owner: 'strong', status: 'done', summary: '划选自绘选区+AI 层去 multiply（b3: P7-F；复测缺陷 P1 修复——F-06 不透明 ::selection 遮 canvas 字形根因推翻：pdfjs 文本层 span color:transparent 字形在下层，半透明才透字，「压白底等效色」只对纯白底成立；B 案=::selection 置 transparent（两行同值死代码收敛单行）+SelectionLayer 按 anchor.rects 自绘 30% accent 半透明选区块（z:2/pointer-events:none/禁 multiply——单层单绘根除重叠 span 逐元素叠绘；247 行触 250 拆 SelectionRects/SelectionToolbar 两件 DOM 零变化）+AiAnnotationLayer 摘容器 multiply 保 opacity:0.45（与 AnnotationLayer 层间叠乘路径清零——AI-09 起既有机制）；门一 C 项层叠链源码级三判据全过+机制三断言锁回炉（e2e computed style mixBlendMode/pointerEvents/zIndex——F-06「审色值没审机制」教训同构残余堵口）；受锁 reader-text.spec F-06 小票 C 节守卫改写（transparent+自绘层+alpha∈(0,1)）+selection-layer.test 2 it）[locked-change]——票面 scripts/audits/sr2-f-07-brief.md；依赖 F-06（推翻其 C 案）+AI-09（层链既有）' },
scripts\audits\g4-gate1-diff.patch:1097:   { id: 'F-GEOM-01-G2', file: 'src/renderer/features/reader/selection-evaluate.ts', area: 'reader', owner: 'strong', status: 'done', summary: '保存链单源门+几何死面收敛（设计书 §2.4/§3.5——**战役唯一行为变更票**；2/11）：①保存门=evaluateCore itemChainFor 返 null 时 setPaint 照渲 DOM 回退形状（视觉连续，现状）+setPending(null)（原为 pending=DOM 形状 anchor）+warn 单源（复用 itemChainFor 诊断单源）——「所见≠所存时不给保存入口」（生产影响≈零：item 链失败三因健康页近零发生，主存活面=jsdom 测试环境）；②probeOffsetLen 收敛（selection-evaluate 复刻 anchor-serialize 私有 probeTextLength≈15 行→显式导出面+复刻删除）；③rectsFromRange 死导出面删除（src 零消费+受锁测试 1 用例≈25 行——死代码即删宪法条，候选项经双门裁）；受锁面先行对账义务（§2.4）=tests/unit/renderer/selection-layer.test.tsx 14 用例无 page-items 桩（grep 实测零命中）——立案时先出断言对账表（§5.2 风险 1），保存流用例补页项桩（tests/utils 工厂面 page-items.store 直改先例）+断言面按项族产物更新；指纹门 C 面变更走豁免清单条目（reason=设计书 §2.4+裁决链）+条目数 >10 呈主控复裁（§5.2 风险 2）；INV-58 修订（保存链条款+selection-evaluate:54 stale 自述重写）随本票；[locked-change][test-refactor]；验收=指纹门 C_after ⊇ C_before+锚定回归网+e2e 默认门【done 2026-09-18 batch 14：10 文件 +112/-88；对账表扩三文件实勘=selection-paint 6 例补桩+item-chain 回退①改写（TDD 红锚）+rectsFromRange 删例，豁免恰 2 条；首红/T3 悬空红/双变异红证（M1 保存门+M2 TS2459）全档；门一 PW B0W1N7（W1=RoT 第 4 份助手→后置 G7 随迁抽取）/门二 GWC P0=0P1=3（口径更正+收口三件全兑现）；vitest 170/1744+e2e 默认门 43/43+verify EXIT=0】' },
scripts\audits\g6-gate1-diff.patch:1057:diff --git a/src/renderer/features/reader/SelectionToolbar.tsx b/src/renderer/features/reader/SelectionToolbar.tsx
scripts\audits\g6-gate1-diff.patch:1059:--- a/src/renderer/features/reader/SelectionToolbar.tsx
scripts\audits\g6-gate1-diff.patch:1060:+++ b/src/renderer/features/reader/SelectionToolbar.tsx
scripts\audits\g6-gate1-diff.patch:1173:diff --git a/src/renderer/features/reader/release-affinity.ts b/src/renderer/features/reader/release-affinity.ts
scripts\audits\g6-gate1-diff.patch:1175:--- a/src/renderer/features/reader/release-affinity.ts
scripts\audits\g6-gate1-diff.patch:1176:+++ b/src/renderer/features/reader/release-affinity.ts
scripts\audits\g6-gate1-diff.patch:1188:diff --git a/src/renderer/features/reader/selection-evaluate.ts b/src/renderer/features/reader/selection-evaluate.ts
scripts\audits\g6-gate1-diff.patch:1190:--- a/src/renderer/features/reader/selection-evaluate.ts
scripts\audits\g6-gate1-diff.patch:1191:+++ b/src/renderer/features/reader/selection-evaluate.ts
scripts\audits\g6-gate1-diff.patch:1213:diff --git a/src/renderer/features/reader/selection-paint.tsx b/src/renderer/features/reader/selection-paint.tsx
scripts\audits\g6-gate1-diff.patch:1215:--- a/src/renderer/features/reader/selection-paint.tsx
scripts\audits\g6-gate1-diff.patch:1216:+++ b/src/renderer/features/reader/selection-paint.tsx
scripts\audits\g6-gate1-diff.patch:1404: import { SelectionLayer } from '../../../src/renderer/features/reader/SelectionLayer'
scripts\audits\g6-gate1-diff.patch:1459: import { releaseAffinity } from '../../../src/renderer/features/reader/release-affinity'
scripts\audits\g6-gate1-diff.patch:1474: import { SelectionLayer } from '../../../src/renderer/features/reader/SelectionLayer'
scripts\audits\g6-gate1-diff.patch:1487: import { SelectionLayer } from '../../../src/renderer/features/reader/SelectionLayer'
scripts\audits\g6-gate1-diff.patch:1500: } from '../../../src/renderer/features/reader/SelectionLayer'
scripts\audits\g6-gate1-diff.patch:1512: import { SelectionLayer } from '../../../src/renderer/features/reader/SelectionLayer'
scripts\audits\g6-gate1-diff.patch:1556:   { id: 'SR2-F-07', file: 'src/renderer/features/reader/SelectionLayer.tsx', area: 'reader', owner: 'strong', status: 'done', summary: '划选自绘选区+AI 层去 multiply（b3: P7-F；复测缺陷 P1 修复——F-06 不透明 ::selection 遮 canvas 字形根因推翻：pdfjs 文本层 span color:transparent 字形在下层，半透明才透字，「压白底等效色」只对纯白底成立；B 案=::selection 置 transparent（两行同值死代码收敛单行）+SelectionLayer 按 anchor.rects 自绘 30% accent 半透明选区块（z:2/pointer-events:none/禁 multiply——单层单绘根除重叠 span 逐元素叠绘；247 行触 250 拆 SelectionRects/SelectionToolbar 两件 DOM 零变化）+AiAnnotationLayer 摘容器 multiply 保 opacity:0.45（与 AnnotationLayer 层间叠乘路径清零——AI-09 起既有机制）；门一 C 项层叠链源码级三判据全过+机制三断言锁回炉（e2e computed style mixBlendMode/pointerEvents/zIndex——F-06「审色值没审机制」教训同构残余堵口）；受锁 reader-text.spec F-06 小票 C 节守卫改写（transparent+自绘层+alpha∈(0,1)）+selection-layer.test 2 it）[locked-change]——票面 scripts/audits/sr2-f-07-brief.md；依赖 F-06（推翻其 C 案）+AI-09（层链既有）' },
scripts\audits\g6-gate1-diff.patch:1574:   { id: 'F-A6', file: 'src/renderer/features/reader/selection-paint.tsx', area: 'reader', owner: 'strong', status: 'done', summary: '划选渲染错乱+拖选卡顿根治（用户实报 2026-09-03：某 PDF 选区灰块锯齿拼接/右侧溢出（图证在档）+选中延迟一卡一卡；五轮方案残留=F-A4 自绘并集层的 D1 rects evaluate 在异常 text-layer PDF 上错乱/D2 拖选期 200ms 防抖全量重算+portal 重渲染卡顿——历史 F-06/07/08/09/A4 五轮触发远超二次重构线，纪律=设计文档先行（态空间+两病根机理推演+方案对比）再实现；涉 ADR-0019 R3 修订；**a 取证票毕 2026-09-04**：f-a6-diag 三件（探针/库/页内采集器——五段探针+A/B 对照+tick 前测）+裁决表 f-a6-forensic-verdict.md（门一 Kimi PWW 回炉闭合+门二 deepseek PWW 4W2N 主控直裁落地，双档 §9-7/8）；核心裁定=**R-迁移为主修（阶段化决策门：阶段1 T1/T9 duckViewport 前置修复→阶段2 复跑 A/B 对照确认 S1/S2 消除→阶段3 主链迁移落地）**——真实库 46 页 T1/T9 零触发（合成 S1/S2 触发量化闭合：outside 5/8、平移 x+36.01/y−37.40）；真实样本甲乙同净（IoU 0.9996/0.9999）+mLR 对项盒结构性拆簇反证（211/151 vs 行真值 43/10）；用户实报重形态未复现（轻形态 3/39 行双块）——修复集以机理+合成证据裁定+验收条件随票流转（§5）；G2=偏离率≥5%（健康 0~0.12% vs 病理 25~62.5%，间隔≥200 倍）+右溢支占位+仅新增复现证据时启用；tick 基线=5Hz 步进实测（间隔 199.8~207.3ms）+每 tick gBCR≈101/gCS≈391（3882 页）；verify 149/1273/locks 272（269+脚本三件）全绿 [locked-change]；**b1 阶段 1+2 毕 2026-09-04**：T1/T9 前置修复（TextLayer duckViewport rotation/rawDims 真值化+rotatedContainerBox 容器旋转半边[pdf.mjs 4.10.38 源码级：span 恒未旋转用户空间百分比，页旋转由容器 CSS 变换承担——官方 pdf_viewer.css data-main-rotation 规则的内联等价]+PdfPageGeometry 第三参下钻[PdfPageCanvas→PageBox/PageColumn 纯类型扩→PagesOverlay→TextLayer geometry 必填无回退]）——**阶段 2 决策门过（门二终位 PASS+ENDORSE）**：s1rot outside 5/8→0/8+A_paint 1→3=行真值、s2crop 双向平移 36px→0.03/IoU 0.8213→0.9998、健康页块数逐位不变（1c2d IoU 0.9982=ENDORSE 度量精度改进）、tick 同量级；单测 text-layer.test 新 11 用例（duckViewport 直测+四旋转态+jsdom 语义级+transform-origin 锁）+变异红证 2；门一 Kimi PWW 2W3N 回炉闭合+门二 deepseek PASS 零 findings（档 f-a6b1-gate1/2）；裁决表 §10 决策门记录+两轮取证数据 f-a6-diag-out-a1/ 与 f-a6-diag-out/ 在档；verify 150/1285/locks 273 全绿亲验 [locked-change]；**b2 阶段 3 主链迁移毕 2026-09-04**：pdf-item-geometry.ts 新件（497 行——viewport transform 内联数学零 pdfjs import/rectsForOffsetRange+grapheme 细分[RTL/竖排/四角包围盒,取证 §9-4 缺口单测补]/基线分组并块/bandsFromItems C5 同源/selectionHealth G2[偏离率≥5%+右溢 2px 占位]+偏移表对账）+page-items.store.ts 单源注册表（pageTexts useState 整体迁入）+selection-evaluate.ts 拆件（evaluate 域迁出,四道守卫逐字保留,SelectionLayer 250 红线解除）+rects/bands 产链切项几何（save 落库同源=INV-58 前半）+DOM 量测降回退（三因 warn 不静默）+T2/T3 回退加固（聚类比较扩到全部簇,先红 2 后绿）+G2 active（拖选抑制+fromMouseUp toast——门一回炉对齐跨页形态）;第三轮取证 r3c：健康页 paint 逐位不变+IoU 全升（0.9996→0.9999/0.9982→1）+s1rot 零高伪迹构造性消除+tick gBCR 709→18/gCS 2734→685（通道生效）——两实现事故 r3a[项盒域差→G2 实战拦截]/r3b[mergeRects 终裁角度门]取证明证后修复;单测 22+6 用例+变异红证 6 组;门一 Kimi PWW 2W4N（W1 守卫用例=区间膨胀结构性惰性零改动/W2 toast 门/N1 归一化端点式——回炉闭合）+门二 deepseek PWW 2W2N 零 BLOCKING（seam_ruling:AnnotationLayer 重锚域=INV-58 票外边界,F-A6-c 开工条件排期同族化;输出经 reasoning 通道主控提取在档）;verify 152/1316/locks 275 全绿亲验 [locked-change]；**c D2 调度与快路径票毕 2026-09-04**：selection-geometry rAF 对齐（leading 首事件即排 ≤16ms+帧内合帧去重+settle 防抖 200ms 逐字+cancel 清双句柄,旧 200ms 节流整体删除）+快路径 evaluateVisual（四道守卫前置+G2 同门+轻量 probe 复刻+store 直读+itemSelectionGeometry 同族=INV-58 后半,回退三层[快→全量→DOM 量测]）+SelectionPaint memo+门二开工条件三件（clampScale 单源/pitch 极限守卫夹具[绿=防线在 hComparable,MUT4 红证]/AnnotationLayer seam 头注入档）;第四轮取证 r4:mutations 7→20 全跟随+间隔 200→59.5ms（dispatch 界,rAF 帧栅格量化 50/60 交替）+delta med 32.3→11.9ms+gCS 685→87（仅末尾 settle）+clientRects 8→1（快 tick 零——clientRects/gCS 链尽消,gBCR 绝对量上行披露在档）+D1 面逐位不变;S1b/S1c 改写 rAF 语义+新 selection-geometry.test 4 it（合帧去重锚）/selection-evaluate.test 4 it（快慢等价+同帧覆盖+跨页守卫+W1 cancel-before-evaluate 顺序锚[先红:删 cancel 恰红]）+变异红证 4+MUT2 重跑留档;门一 Kimi PWW 2W2N 回炉闭合（W1 过程发现=portal DOM 插入诱发原生 selectionchange→rAF 幂等重渲,定性生产无害[INV-58 等价性吸收]+预渲染隔离）+门二 deepseek **PASS 零 findings**（c 可收口+d 开工条件满足）;e2e reader-text 13/13 主动跑绿;verify 154/1325/locks 277 全绿亲验 [locked-change]；**d 收口票毕 2026-09-04**：e2e 两新小票[组合页=createRotatedCropPdf fixture（/Rotate 90×/CropBox [36 36 540 720]——b1 门一 N3 组合面缺口兑现）断言 span×canvas 包含度 ≥0.5（实测 1.000——门一回炉 W1 判据升级）+toolbar+块数=行真值 1+块 gBCR 不溢渲染页盒；拖选随动=连发 selectionchange 3 次×50ms 每轮+1 字符→300ms 窗 ≥2 次块变更（rAF e2e 级）]；断言红证 4（块数 1→2 恒红/随动判据翻转红/包含度方向翻转红[Received 1 vs ≤0.1]/右缘期望收紧红[Received 1116.11 vs ≤549.2]——文件备份法还原 diff 空）；live range 诱发链不锚 e2e（裁量：生产幂等无害+W1 it 组件级已锚+预渲染隔离在档）；全量 e2e 41/41 绿零 skip（39+2，F-ARCH4-M1 原:872 本轮绿=第 2 现未再现——观察清单：再 1 现即按 e2e 非确定失败立案线[同用例 2 次]立案）；INV-37 调度条款改写+拖选期弱化「所见≈所存」显式登记（用户裁决 2026-09-03）+F-A5 band 口径接缝修正+锚列扩容；INV-58 新登记（invariants.md:73——同几何族+C5 同源+适用域 selection 产链+AnnotationLayer 票外 seam+三层回退，已锚定 2026-09-04）；ADR-0019 R3 修订段落笔（已裁决 执行=F-A6 a/b1/b2/c，终态数字按裁决表 §10/§11/§12 校正）；门一 Kimi PWW 2W3N 回炉 W1 闭合+门二 deepseek PWW「五票在材料层面可宣告完成」（W2 立案回执=本提交 F-A7 兑现）；locks 277；verify 154/1325+e2e 41/41 全绿亲验 [locked-change]——**票外新发现移交 F-A7**：/Rotate≠0 页 [data-page-box] 占位盒未随旋转交换宽高（PageColumn page.view 未旋转口径 vs canvas getViewport 旋转口径），页框与渲染盒错配；selection 几何链不受影响（块与 span 墨带贴合坐标证据在档），真实库全档 rotate=0 未显现）' },
scripts\audits\g6-gate1-diff.patch:1587:   { id: 'F-A12', file: 'src/renderer/features/reader/SelectionLayer.tsx', area: 'reader', owner: 'strong', status: 'done', summary: '划选释放点浅探 affinity 事件层重定向（F-A10 G2 遗留——v57 §2-3 立案候选）：G2=mouseup 浅下探时 caretRangeFromPoint 因释放 x 处上一行无文本把终点送下段 span 文本位 offset>0（img2 实据 end=1504）——与刻意深点 DOM 态零信号,锚定层不可辨（f-a10-impl.report §6.1）,须事件层手势几何;**收口 2026-09-10 三屋全链**：新件 release-affinity.ts（210 行纯函数——releaseAffinity(root,selection,upX,upY) 判定:upY<focus 盒顶+距上一行盒底≤max(距 focus 盒顶,SHALLOW_PROBE_MAX_PX=4 余量[实测驱动微调——段间间隙仅 2.5px 纯距离判据不触发,红证 red2 锁定]+upX>上一行最近栏组右缘+1px[W1 门一回炉——票面「释放 x 处上一行无文本」前提的编码化,nearestGroupOf 栏组域判别]+upY≥上一行盒带顶[W2 防御上界]→返回上一行行尾 DomBoundary）+SelectionLayer 接线（dragged 旗标门=程序化零触;setBaseAndExtent 锚定侧原样只改 focus;evaluate.full 同帧消费——事件时间线逐帧推演驻头注[门一事件类强制审项]）+anchor-blank-snap export 扩 5 几何面（boxOf/visualRows/columnGroups/rowEndOf/Box——几何单源零复制）;防误伤=词间空格行盒内恒零触+重定向后 C-1 翻转兜底回归网;**真机复测**=G2 focus=(Mohanty span,36=行尾)/end_offset=1465（修复前 1504）/paint 540.3<段顶 542.8 不跨段/落库 suffix=下段首/G1 回归 1465 不破;e2e 申报替代（浏览器 caret 下探非确定 1/4 次指纹+受锁 pdf-factory 扩权面——jsdom 实测几何复刻 17 用例+真机矩阵为证[前提未锁在档注明]）;门一 Kimi 两轮（R1 B0/W5/N4 放行——W1 域判别/W2 上界/W3 翻转用例/W4 接线三态锁回炉,R2 全 ADDRESSED 收口放行+R1 异式选组偏差/R2 栏间隙保守零变=主控亲核入档）+门二统一档 PASS 无条件（17/17 亲跑/316 一致/1579 对账/翻 done 推演）;INV-62 登记已锚定（事件层重定向判据+时间线）;实现者两轮（7.5M+5.6M tok——回炉轮连带修正:既有夹具 upX 严谨化 4 处+W4 漏桩被 verify 真退出码拦截后重刷证据）;locks 312→316;verify 162 文件/1579 用例 exit=0 亲验（实现者首跑 raw 缺 exit 标记=证据缺口主控亲跑补证）' },
scripts\audits\g6-gate1-diff.patch:1605:   { id: 'F-GEOM-01-G2', file: 'src/renderer/features/reader/selection-evaluate.ts', area: 'reader', owner: 'strong', status: 'done', summary: '保存链单源门+几何死面收敛（设计书 §2.4/§3.5——**战役唯一行为变更票**；2/11）：①保存门=evaluateCore itemChainFor 返 null 时 setPaint 照渲 DOM 回退形状（视觉连续，现状）+setPending(null)（原为 pending=DOM 形状 anchor）+warn 单源（复用 itemChainFor 诊断单源）——「所见≠所存时不给保存入口」（生产影响≈零：item 链失败三因健康页近零发生，主存活面=jsdom 测试环境）；②probeOffsetLen 收敛（selection-evaluate 复刻 anchor-serialize 私有 probeTextLength≈15 行→显式导出面+复刻删除）；③rectsFromRange 死导出面删除（src 零消费+受锁测试 1 用例≈25 行——死代码即删宪法条，候选项经双门裁）；受锁面先行对账义务（§2.4）=tests/unit/renderer/selection-layer.test.tsx 14 用例无 page-items 桩（grep 实测零命中）——立案时先出断言对账表（§5.2 风险 1），保存流用例补页项桩（tests/utils 工厂面 page-items.store 直改先例）+断言面按项族产物更新；指纹门 C 面变更走豁免清单条目（reason=设计书 §2.4+裁决链）+条目数 >10 呈主控复裁（§5.2 风险 2）；INV-58 修订（保存链条款+selection-evaluate:54 stale 自述重写）随本票；[locked-change][test-refactor]；验收=指纹门 C_after ⊇ C_before+锚定回归网+e2e 默认门【done 2026-09-18 batch 14：10 文件 +112/-88；对账表扩三文件实勘=selection-paint 6 例补桩+item-chain 回退①改写（TDD 红锚）+rectsFromRange 删例，豁免恰 2 条；首红/T3 悬空红/双变异红证（M1 保存门+M2 TS2459）全档；门一 PW B0W1N7（W1=RoT 第 4 份助手→后置 G7 随迁抽取）/门二 GWC P0=0P1=3（口径更正+收口三件全兑现）；vitest 170/1744+e2e 默认门 43/43+verify EXIT=0】' },
scripts\audits\g7-gate1-diff.patch:133:-import { SelectionLayer } from '../../../src/renderer/features/reader/SelectionLayer'
scripts\audits\g7-gate1-diff.patch:146:-import { releaseAffinity } from '../../../src/renderer/features/reader/release-affinity'
scripts\audits\g7-gate1-diff.patch:159:-import { SelectionLayer } from '../../../src/renderer/features/reader/SelectionLayer'
scripts\audits\g7-gate1-diff.patch:198:-import { createVisualScheduler } from '../../../src/renderer/features/reader/selection-geometry'
scripts\audits\g7-gate1-diff.patch:211:-import { SelectionLayer } from '../../../src/renderer/features/reader/SelectionLayer'
scripts\audits\g7-gate1-diff.patch:251:-import { SelectionLayer } from '../../../src/renderer/features/reader/SelectionLayer'
scripts\audits\g7-gate1-diff.patch:269:-} from '../../../src/renderer/features/reader/SelectionLayer'
scripts\audits\g7-gate1-diff.patch:309:-import { SelectionLayer } from '../../../src/renderer/features/reader/SelectionLayer'
scripts\audits\g7-gate1-diff.patch:355:-    '../../../src/renderer/features/reader/SelectionToolbar.tsx',
scripts\audits\g7-gate1-diff.patch:419:-  { id: 'SR-RDR-05', file: 'src/renderer/features/reader/SelectionLayer.tsx', area: 'reader', owner: 'weak', status: 'done', summary: '文本选择→定位器交互层' },
scripts\audits\g7-gate1-diff.patch:428:-  { id: 'SR2-F-07', file: 'src/renderer/features/reader/SelectionLayer.tsx', area: 'reader', owner: 'strong', status: 'done', summary: '划选自绘选区+AI 层去 multiply（b3: P7-F；复测缺陷 P1 修复——F-06 不透明 ::selection 遮 canvas 字形根因推翻：pdfjs 文本层 span color:transparent 字形在下层，半透明才透字，「压白底等效色」只对纯白底成立；B 案=::selection 置 transparent（两行同值死代码收敛单行）+SelectionLayer 按 anchor.rects 自绘 30% accent 半透明选区块（z:2/pointer-events:none/禁 multiply——单层单绘根除重叠 span 逐元素叠绘；247 行触 250 拆 SelectionRects/SelectionToolbar 两件 DOM 零变化）+AiAnnotationLayer 摘容器 multiply 保 opacity:0.45（与 AnnotationLayer 层间叠乘路径清零——AI-09 起既有机制）；门一 C 项层叠链源码级三判据全过+机制三断言锁回炉（e2e computed style mixBlendMode/pointerEvents/zIndex——F-06「审色值没审机制」教训同构残余堵口）；受锁 reader-text.spec F-06 小票 C 节守卫改写（transparent+自绘层+alpha∈(0,1)）+selection-layer.test 2 it）[locked-change]——票面 scripts/audits/sr2-f-07-brief.md；依赖 F-06（推翻其 C 案）+AI-09（层链既有）' },
scripts\audits\g7-gate1-diff.patch:446:-  { id: 'F-A6', file: 'src/renderer/features/reader/selection-paint.tsx', area: 'reader', owner: 'strong', status: 'done', summary: '划选渲染错乱+拖选卡顿根治（用户实报 2026-09-03：某 PDF 选区灰块锯齿拼接/右侧溢出（图证在档）+选中延迟一卡一卡；五轮方案残留=F-A4 自绘并集层的 D1 rects evaluate 在异常 text-layer PDF 上错乱/D2 拖选期 200ms 防抖全量重算+portal 重渲染卡顿——历史 F-06/07/08/09/A4 五轮触发远超二次重构线，纪律=设计文档先行（态空间+两病根机理推演+方案对比）再实现；涉 ADR-0019 R3 修订；**a 取证票毕 2026-09-04**：f-a6-diag 三件（探针/库/页内采集器——五段探针+A/B 对照+tick 前测）+裁决表 f-a6-forensic-verdict.md（门一 Kimi PWW 回炉闭合+门二 deepseek PWW 4W2N 主控直裁落地，双档 §9-7/8）；核心裁定=**R-迁移为主修（阶段化决策门：阶段1 T1/T9 duckViewport 前置修复→阶段2 复跑 A/B 对照确认 S1/S2 消除→阶段3 主链迁移落地）**——真实库 46 页 T1/T9 零触发（合成 S1/S2 触发量化闭合：outside 5/8、平移 x+36.01/y−37.40）；真实样本甲乙同净（IoU 0.9996/0.9999）+mLR 对项盒结构性拆簇反证（211/151 vs 行真值 43/10）；用户实报重形态未复现（轻形态 3/39 行双块）——修复集以机理+合成证据裁定+验收条件随票流转（§5）；G2=偏离率≥5%（健康 0~0.12% vs 病理 25~62.5%，间隔≥200 倍）+右溢支占位+仅新增复现证据时启用；tick 基线=5Hz 步进实测（间隔 199.8~207.3ms）+每 tick gBCR≈101/gCS≈391（3882 页）；verify 149/1273/locks 272（269+脚本三件）全绿 [locked-change]；**b1 阶段 1+2 毕 2026-09-04**：T1/T9 前置修复（TextLayer duckViewport rotation/rawDims 真值化+rotatedContainerBox 容器旋转半边[pdf.mjs 4.10.38 源码级：span 恒未旋转用户空间百分比，页旋转由容器 CSS 变换承担——官方 pdf_viewer.css data-main-rotation 规则的内联等价]+PdfPageGeometry 第三参下钻[PdfPageCanvas→PageBox/PageColumn 纯类型扩→PagesOverlay→TextLayer geometry 必填无回退]）——**阶段 2 决策门过（门二终位 PASS+ENDORSE）**：s1rot outside 5/8→0/8+A_paint 1→3=行真值、s2crop 双向平移 36px→0.03/IoU 0.8213→0.9998、健康页块数逐位不变（1c2d IoU 0.9982=ENDORSE 度量精度改进）、tick 同量级；单测 text-layer.test 新 11 用例（duckViewport 直测+四旋转态+jsdom 语义级+transform-origin 锁）+变异红证 2；门一 Kimi PWW 2W3N 回炉闭合+门二 deepseek PASS 零 findings（档 f-a6b1-gate1/2）；裁决表 §10 决策门记录+两轮取证数据 f-a6-diag-out-a1/ 与 f-a6-diag-out/ 在档；verify 150/1285/locks 273 全绿亲验 [locked-change]；**b2 阶段 3 主链迁移毕 2026-09-04**：pdf-item-geometry.ts 新件（497 行——viewport transform 内联数学零 pdfjs import/rectsForOffsetRange+grapheme 细分[RTL/竖排/四角包围盒,取证 §9-4 缺口单测补]/基线分组并块/bandsFromItems C5 同源/selectionHealth G2[偏离率≥5%+右溢 2px 占位]+偏移表对账）+page-items.store.ts 单源注册表（pageTexts useState 整体迁入）+selection-evaluate.ts 拆件（evaluate 域迁出,四道守卫逐字保留,SelectionLayer 250 红线解除）+rects/bands 产链切项几何（save 落库同源=INV-58 前半）+DOM 量测降回退（三因 warn 不静默）+T2/T3 回退加固（聚类比较扩到全部簇,先红 2 后绿）+G2 active（拖选抑制+fromMouseUp toast——门一回炉对齐跨页形态）;第三轮取证 r3c：健康页 paint 逐位不变+IoU 全升（0.9996→0.9999/0.9982→1）+s1rot 零高伪迹构造性消除+tick gBCR 709→18/gCS 2734→685（通道生效）——两实现事故 r3a[项盒域差→G2 实战拦截]/r3b[mergeRects 终裁角度门]取证明证后修复;单测 22+6 用例+变异红证 6 组;门一 Kimi PWW 2W4N（W1 守卫用例=区间膨胀结构性惰性零改动/W2 toast 门/N1 归一化端点式——回炉闭合）+门二 deepseek PWW 2W2N 零 BLOCKING（seam_ruling:AnnotationLayer 重锚域=INV-58 票外边界,F-A6-c 开工条件排期同族化;输出经 reasoning 通道主控提取在档）;verify 152/1316/locks 275 全绿亲验 [locked-change]；**c D2 调度与快路径票毕 2026-09-04**：selection-geometry rAF 对齐（leading 首事件即排 ≤16ms+帧内合帧去重+settle 防抖 200ms 逐字+cancel 清双句柄,旧 200ms 节流整体删除）+快路径 evaluateVisual（四道守卫前置+G2 同门+轻量 probe 复刻+store 直读+itemSelectionGeometry 同族=INV-58 后半,回退三层[快→全量→DOM 量测]）+SelectionPaint memo+门二开工条件三件（clampScale 单源/pitch 极限守卫夹具[绿=防线在 hComparable,MUT4 红证]/AnnotationLayer seam 头注入档）;第四轮取证 r4:mutations 7→20 全跟随+间隔 200→59.5ms（dispatch 界,rAF 帧栅格量化 50/60 交替）+delta med 32.3→11.9ms+gCS 685→87（仅末尾 settle）+clientRects 8→1（快 tick 零——clientRects/gCS 链尽消,gBCR 绝对量上行披露在档）+D1 面逐位不变;S1b/S1c 改写 rAF 语义+新 selection-geometry.test 4 it（合帧去重锚）/selection-evaluate.test 4 it（快慢等价+同帧覆盖+跨页守卫+W1 cancel-before-evaluate 顺序锚[先红:删 cancel 恰红]）+变异红证 4+MUT2 重跑留档;门一 Kimi PWW 2W2N 回炉闭合（W1 过程发现=portal DOM 插入诱发原生 selectionchange→rAF 幂等重渲,定性生产无害[INV-58 等价性吸收]+预渲染隔离）+门二 deepseek **PASS 零 findings**（c 可收口+d 开工条件满足）;e2e reader-text 13/13 主动跑绿;verify 154/1325/locks 277 全绿亲验 [locked-change]；**d 收口票毕 2026-09-04**：e2e 两新小票[组合页=createRotatedCropPdf fixture（/Rotate 90×/CropBox [36 36 540 720]——b1 门一 N3 组合面缺口兑现）断言 span×canvas 包含度 ≥0.5（实测 1.000——门一回炉 W1 判据升级）+toolbar+块数=行真值 1+块 gBCR 不溢渲染页盒；拖选随动=连发 selectionchange 3 次×50ms 每轮+1 字符→300ms 窗 ≥2 次块变更（rAF e2e 级）]；断言红证 4（块数 1→2 恒红/随动判据翻转红/包含度方向翻转红[Received 1 vs ≤0.1]/右缘期望收紧红[Received 1116.11 vs ≤549.2]——文件备份法还原 diff 空）；live range 诱发链不锚 e2e（裁量：生产幂等无害+W1 it 组件级已锚+预渲染隔离在档）；全量 e2e 41/41 绿零 skip（39+2，F-ARCH4-M1 原:872 本轮绿=第 2 现未再现——观察清单：再 1 现即按 e2e 非确定失败立案线[同用例 2 次]立案）；INV-37 调度条款改写+拖选期弱化「所见≈所存」显式登记（用户裁决 2026-09-03）+F-A5 band 口径接缝修正+锚列扩容；INV-58 新登记（invariants.md:73——同几何族+C5 同源+适用域 selection 产链+AnnotationLayer 票外 seam+三层回退，已锚定 2026-09-04）；ADR-0019 R3 修订段落笔（已裁决 执行=F-A6 a/b1/b2/c，终态数字按裁决表 §10/§11/§12 校正）；门一 Kimi PWW 2W3N 回炉 W1 闭合+门二 deepseek PWW「五票在材料层面可宣告完成」（W2 立案回执=本提交 F-A7 兑现）；locks 277；verify 154/1325+e2e 41/41 全绿亲验 [locked-change]——**票外新发现移交 F-A7**：/Rotate≠0 页 [data-page-box] 占位盒未随旋转交换宽高（PageColumn page.view 未旋转口径 vs canvas getViewport 旋转口径），页框与渲染盒错配；selection 几何链不受影响（块与 span 墨带贴合坐标证据在档），真实库全档 rotate=0 未显现）' },
scripts\audits\g7-gate1-diff.patch:455:-  { id: 'F-A10', file: 'src/renderer/features/reader/SelectionLayer.tsx', area: 'reader', owner: 'strong', status: 'done', summary: '划选段末空白 affinity 缺陷（2026-09-09 真机测试暴露——用户实据 f-a10-img2:鼠标放段末行尾空白处,选区把下一段整段/其左上角部分带上;用户表述模型=文字从左往右成行,行尾空白不应命中下一段首行）;数据指纹=当日标注 quote_text 前导空格（选区起点落在段首空白区）;**诊断先行票**:根因候选=text layer 行尾空白节点命中→caretRangeFromPoint/selection offset 解析的 affinity 归属（命中→offset→跨段 range 扩张点逐层定位）;验收=夹具:行尾空白坐标命中→range 终点=本行行尾（不下探下一段）+e2e 真实 PDF 行尾空白点选→预览带不跨段+img2 形态复测消' },
scripts\audits\g7-gate1-diff.patch:464:-  { id: 'F-A12', file: 'src/renderer/features/reader/SelectionLayer.tsx', area: 'reader', owner: 'strong', status: 'done', summary: '划选释放点浅探 affinity 事件层重定向（F-A10 G2 遗留——v57 §2-3 立案候选）：G2=mouseup 浅下探时 caretRangeFromPoint 因释放 x 处上一行无文本把终点送下段 span 文本位 offset>0（img2 实据 end=1504）——与刻意深点 DOM 态零信号,锚定层不可辨（f-a10-impl.report §6.1）,须事件层手势几何;**收口 2026-09-10 三屋全链**：新件 release-affinity.ts（210 行纯函数——releaseAffinity(root,selection,upX,upY) 判定:upY<focus 盒顶+距上一行盒底≤max(距 focus 盒顶,SHALLOW_PROBE_MAX_PX=4 余量[实测驱动微调——段间间隙仅 2.5px 纯距离判据不触发,红证 red2 锁定]+upX>上一行最近栏组右缘+1px[W1 门一回炉——票面「释放 x 处上一行无文本」前提的编码化,nearestGroupOf 栏组域判别]+upY≥上一行盒带顶[W2 防御上界]→返回上一行行尾 DomBoundary）+SelectionLayer 接线（dragged 旗标门=程序化零触;setBaseAndExtent 锚定侧原样只改 focus;evaluate.full 同帧消费——事件时间线逐帧推演驻头注[门一事件类强制审项]）+anchor-blank-snap export 扩 5 几何面（boxOf/visualRows/columnGroups/rowEndOf/Box——几何单源零复制）;防误伤=词间空格行盒内恒零触+重定向后 C-1 翻转兜底回归网;**真机复测**=G2 focus=(Mohanty span,36=行尾)/end_offset=1465（修复前 1504）/paint 540.3<段顶 542.8 不跨段/落库 suffix=下段首/G1 回归 1465 不破;e2e 申报替代（浏览器 caret 下探非确定 1/4 次指纹+受锁 pdf-factory 扩权面——jsdom 实测几何复刻 17 用例+真机矩阵为证[前提未锁在档注明]）;门一 Kimi 两轮（R1 B0/W5/N4 放行——W1 域判别/W2 上界/W3 翻转用例/W4 接线三态锁回炉,R2 全 ADDRESSED 收口放行+R1 异式选组偏差/R2 栏间隙保守零变=主控亲核入档）+门二统一档 PASS 无条件（17/17 亲跑/316 一致/1579 对账/翻 done 推演）;INV-62 登记已锚定（事件层重定向判据+时间线）;实现者两轮（7.5M+5.6M tok——回炉轮连带修正:既有夹具 upX 严谨化 4 处+W4 漏桩被 verify 真退出码拦截后重刷证据）;locks 312→316;verify 162 文件/1579 用例 exit=0 亲验（实现者首跑 raw 缺 exit 标记=证据缺口主控亲跑补证）' },
scripts\audits\g7-gate1-diff.patch:473:-  { id: 'F-GEOM-01-G2', file: 'src/renderer/features/reader/selection-evaluate.ts', area: 'reader', owner: 'strong', status: 'done', summary: '保存链单源门+几何死面收敛（设计书 §2.4/§3.5——**战役唯一行为变更票**；2/11）：①保存门=evaluateCore itemChainFor 返 null 时 setPaint 照渲 DOM 回退形状（视觉连续，现状）+setPending(null)（原为 pending=DOM 形状 anchor）+warn 单源（复用 itemChainFor 诊断单源）——「所见≠所存时不给保存入口」（生产影响≈零：item 链失败三因健康页近零发生，主存活面=jsdom 测试环境）；②probeOffsetLen 收敛（selection-evaluate 复刻 anchor-serialize 私有 probeTextLength≈15 行→显式导出面+复刻删除）；③rectsFromRange 死导出面删除（src 零消费+受锁测试 1 用例≈25 行——死代码即删宪法条，候选项经双门裁）；受锁面先行对账义务（§2.4）=tests/unit/renderer/selection-layer.test.tsx 14 用例无 page-items 桩（grep 实测零命中）——立案时先出断言对账表（§5.2 风险 1），保存流用例补页项桩（tests/utils 工厂面 page-items.store 直改先例）+断言面按项族产物更新；指纹门 C 面变更走豁免清单条目（reason=设计书 §2.4+裁决链）+条目数 >10 呈主控复裁（§5.2 风险 2）；INV-58 修订（保存链条款+selection-evaluate:54 stale 自述重写）随本票；[locked-change][test-refactor]；验收=指纹门 C_after ⊇ C_before+锚定回归网+e2e 默认门【done 2026-09-18 batch 14：10 文件 +112/-88；对账表扩三文件实勘=selection-paint 6 例补桩+item-chain 回退①改写（TDD 红锚）+rectsFromRange 删例，豁免恰 2 条；首红/T3 悬空红/双变异红证（M1 保存门+M2 TS2459）全档；门一 PW B0W1N7（W1=RoT 第 4 份助手→后置 G7 随迁抽取）/门二 GWC P0=0P1=3（口径更正+收口三件全兑现）；vitest 170/1744+e2e 默认门 43/43+verify EXIT=0】' },
scripts\audits\f-arch4-gate1-prompt.txt:169:- `src/renderer/features/reader/SelectionLayer.tsx`（import 换源
scripts\audits\f-arch4-gate1-prompt.txt:313:+- `src/renderer/features/reader/SelectionLayer.tsx`（import 换源
scripts\audits\f-arch4-gate1-prompt.txt:602:diff --git a/src/renderer/features/reader/SelectionLayer.tsx b/src/renderer/features/reader/SelectionLayer.tsx
scripts\audits\f-arch4-gate1-prompt.txt:604:--- a/src/renderer/features/reader/SelectionLayer.tsx
scripts\audits\f-arch4-gate1-prompt.txt:605:+++ b/src/renderer/features/reader/SelectionLayer.tsx
scripts\audits\f-arch4-gate1.diff:39:+- `src/renderer/features/reader/SelectionLayer.tsx`（import 换源
scripts\audits\f-arch4-gate1.diff:328:diff --git a/src/renderer/features/reader/SelectionLayer.tsx b/src/renderer/features/reader/SelectionLayer.tsx
scripts\audits\f-arch4-gate1.diff:330:--- a/src/renderer/features/reader/SelectionLayer.tsx
scripts\audits\f-arch4-gate1.diff:331:+++ b/src/renderer/features/reader/SelectionLayer.tsx
scripts\audits\f-arch4-impl.report.md:33:- `src/renderer/features/reader/SelectionLayer.tsx`（import 换源
scripts\audits\f-a4-gen-gate1-brief.mjs:4:execSync('git add -N scripts/audits/f-a4-ticket.md scripts/audits/f-a4-impl.report.md scripts/audits/f-a4-verify.mjs scripts/audits/f-a4-out scripts/audits/f-a4-baseline.raw.txt scripts/audits/f-a4-first-red.raw.txt scripts/audits/f-a4-e2e-first-red.raw.txt src/renderer/features/reader/selection-geometry.ts src/renderer/features/reader/selection-paint.tsx src/renderer/features/reader/annotation-resolve.ts tests/unit/renderer/selection-paint.test.tsx', { encoding: 'utf8' })
scripts\audits\f-a4-impl.report.md:20:- src/renderer/features/reader/SelectionLayer.tsx（172 行 diff，终态 **249 行** wc 实测——组件 ≤250 红线内）
scripts\audits\f-a4-impl.report.md:31:- src/renderer/features/reader/selection-geometry.ts（初版 85 行——localScale/toolbarViewportPos/closestPageRoot/pageIndexOf/常量；回炉 1 后 144 行 wc 实测——+createVisualScheduler/toolbarMountPos，见 §11）
scripts\audits\f-a4-impl.report.md:32:- src/renderer/features/reader/selection-paint.tsx（**62 行**——SelectionPaint portal 组件）
scripts\audits\f-a4-impl.report.md:125: M src/renderer/features/reader/SelectionLayer.tsx
scripts\audits\f-a4-gate1-brief.md:140:- src/renderer/features/reader/SelectionLayer.tsx（172 行 diff，终态 **249 行** wc 实测——组件 ≤250 红线内）
scripts\audits\f-a4-gate1-brief.md:151:- src/renderer/features/reader/selection-geometry.ts（**85 行**——localScale/toolbarViewportPos/closestPageRoot/pageIndexOf/常量）
scripts\audits\f-a4-gate1-brief.md:152:- src/renderer/features/reader/selection-paint.tsx（**62 行**——SelectionPaint portal 组件）
scripts\audits\f-a4-gate1-brief.md:244: M src/renderer/features/reader/SelectionLayer.tsx
scripts\audits\f-a4-gate1-brief.md:3555:+- src/renderer/features/reader/SelectionLayer.tsx（172 行 diff，终态 **249 行** wc 实测——组件 ≤250 红线内）
scripts\audits\f-a4-gate1-brief.md:3566:+- src/renderer/features/reader/selection-geometry.ts（**85 行**——localScale/toolbarViewportPos/closestPageRoot/pageIndexOf/常量）
scripts\audits\f-a4-gate1-brief.md:3567:+- src/renderer/features/reader/selection-paint.tsx（**62 行**——SelectionPaint portal 组件）
scripts\audits\f-a4-gate1-brief.md:3659:+ M src/renderer/features/reader/SelectionLayer.tsx
scripts\audits\f-a4-gate1-brief.md:18318:diff --git a/src/renderer/features/reader/SelectionLayer.tsx b/src/renderer/features/reader/SelectionLayer.tsx
scripts\audits\f-a4-gate1-brief.md:18320:--- a/src/renderer/features/reader/SelectionLayer.tsx
scripts\audits\f-a4-gate1-brief.md:18321:+++ b/src/renderer/features/reader/SelectionLayer.tsx
scripts\audits\f-a4-gate1-brief.md:19096:diff --git a/src/renderer/features/reader/selection-geometry.ts b/src/renderer/features/reader/selection-geometry.ts
scripts\audits\f-a4-gate1-brief.md:19100:+++ b/src/renderer/features/reader/selection-geometry.ts
scripts\audits\f-a4-gate1-brief.md:19187:diff --git a/src/renderer/features/reader/selection-paint.tsx b/src/renderer/features/reader/selection-paint.tsx
scripts\audits\f-a4-gate1-brief.md:19191:+++ b/src/renderer/features/reader/selection-paint.tsx
scripts\audits\f-a4-gate1-brief.md:19630:+import { SelectionLayer } from '../../../src/renderer/features/reader/SelectionLayer'
scripts\audits\f-a4-gate1-r2-brief.md:3388:+- src/renderer/features/reader/SelectionLayer.tsx（172 行 diff，终态 **249 行** wc 实测——组件 ≤250 红线内）
scripts\audits\f-a4-gate1-r2-brief.md:3399:+- src/renderer/features/reader/selection-geometry.ts（初版 85 行——localScale/toolbarViewportPos/closestPageRoot/pageIndexOf/常量；回炉 1 后 144 行 wc 实测——+createVisualScheduler/toolbarMountPos，见 §11）
scripts\audits\f-a4-gate1-r2-brief.md:3400:+- src/renderer/features/reader/selection-paint.tsx（**62 行**——SelectionPaint portal 组件）
scripts\audits\f-a4-gate1-r2-brief.md:3492:+ M src/renderer/features/reader/SelectionLayer.tsx
scripts\audits\f-a4-gate1-r2-brief.md:18231:diff --git a/src/renderer/features/reader/SelectionLayer.tsx b/src/renderer/features/reader/SelectionLayer.tsx
scripts\audits\f-a4-gate1-r2-brief.md:18233:--- a/src/renderer/features/reader/SelectionLayer.tsx
scripts\audits\f-a4-gate1-r2-brief.md:18234:+++ b/src/renderer/features/reader/SelectionLayer.tsx
scripts\audits\f-a4-gate1-r2-brief.md:19040:diff --git a/src/renderer/features/reader/selection-geometry.ts b/src/renderer/features/reader/selection-geometry.ts
scripts\audits\f-a4-gate1-r2-brief.md:19044:+++ b/src/renderer/features/reader/selection-geometry.ts
scripts\audits\f-a4-gate1-r2-brief.md:19190:diff --git a/src/renderer/features/reader/selection-paint.tsx b/src/renderer/features/reader/selection-paint.tsx
scripts\audits\f-a4-gate1-r2-brief.md:19194:+++ b/src/renderer/features/reader/selection-paint.tsx
scripts\audits\f-a4-gate1-r2-brief.md:19633:+import { SelectionLayer } from '../../../src/renderer/features/reader/SelectionLayer'
scripts\audits\f-a5-impl.report.md:20:- src/renderer/features/reader/selection-paint.tsx（band 垂直+水平夹取+z3；**80 行**）
scripts\audits\f-a5-impl.report.md:21:- src/renderer/features/reader/SelectionLayer.tsx（evaluate 节点口径带注入；**250 行**=上限）
scripts\audits\f-a5-gate1-brief.md:122:- src/renderer/features/reader/selection-paint.tsx（band 垂直+水平夹取+z3；**80 行**）
scripts\audits\f-a5-gate1-brief.md:123:- src/renderer/features/reader/SelectionLayer.tsx（evaluate 节点口径带注入；**250 行**=上限）
scripts\audits\f-a5-gate1-brief.md:847:+- src/renderer/features/reader/selection-paint.tsx（band 垂直+水平夹取+z3；**80 行**）
scripts\audits\f-a5-gate1-brief.md:848:+- src/renderer/features/reader/SelectionLayer.tsx（evaluate 节点口径带注入；**250 行**=上限）
scripts\audits\f-a5-gate1-brief.md:2917:diff --git a/src/renderer/features/reader/SelectionLayer.tsx b/src/renderer/features/reader/SelectionLayer.tsx
scripts\audits\f-a5-gate1-brief.md:2919:--- a/src/renderer/features/reader/SelectionLayer.tsx
scripts\audits\f-a5-gate1-brief.md:2920:+++ b/src/renderer/features/reader/SelectionLayer.tsx
scripts\audits\f-a5-gate1-brief.md:3288:diff --git a/src/renderer/features/reader/selection-paint.tsx b/src/renderer/features/reader/selection-paint.tsx
scripts\audits\f-a5-gate1-brief.md:3290:--- a/src/renderer/features/reader/selection-paint.tsx
scripts\audits\f-a5-gate1-brief.md:3291:+++ b/src/renderer/features/reader/selection-paint.tsx
scripts\audits\f-a5-gen-gate1-brief.mjs:4:execSync('git add -N scripts/audits/f-a5-ticket.md scripts/audits/f-a5-impl.report.md scripts/audits/f-a5-verify.mjs scripts/audits/f-a5-diag.mjs scripts/audits/f-a5-inject.mjs scripts/audits/f-a5-out src/renderer/features/reader/page-layer-z.ts src/renderer/features/reader/selection-paint.tsx src/renderer/features/reader/annotation-resolve.ts tests/unit/renderer/ai-note-collapse.test.tsx scripts/audits/f-n1-ticket.md scripts/audits/f-n1-impl.report.md scripts/audits/f-sw1-probe.mjs scripts/audits/f-sw1-probe2.mjs scripts/audits/f-sw1-out', { encoding: 'utf8' })
scripts\audits\kimi-health-brief.md:1129:  { id: 'SR-RDR-05', file: 'src/renderer/features/reader/SelectionLayer.tsx', area: 'reader', owner: 'weak', status: 'done', summary: '文本选择→定位器交互层' },
scripts\audits\kimi-health-brief.md:1232:  { id: 'SR2-F-07', file: 'src/renderer/features/reader/SelectionLayer.tsx', area: 'reader', owner: 'strong', status: 'done', summary: '划选自绘选区+AI 层去 multiply（b3: P7-F；复测缺陷 P1 修复——F-06 不透明 ::selection 遮 canvas 字形根因推翻：pdfjs 文本层 span color:transparent 字形在下层，半透明才透字，「压白底等效色」只对纯白底成立；B 案=::selection 置 transparent（两行同值死代码收敛单行）+SelectionLayer 按 anchor.rects 自绘 30% accent 半透明选区块（z:2/pointer-events:none/禁 multiply——单层单绘根除重叠 span 逐元素叠绘；247 行触 250 拆 SelectionRects/SelectionToolbar 两件 DOM 零变化）+AiAnnotationLayer 摘容器 multiply 保 opacity:0.45（与 AnnotationLayer 层间叠乘路径清零——AI-09 起既有机制）；门一 C 项层叠链源码级三判据全过+机制三断言锁回炉（e2e computed style mixBlendMode/pointerEvents/zIndex——F-06「审色值没审机制」教训同构残余堵口）；受锁 reader-text.spec F-06 小票 C 节守卫改写（transparent+自绘层+alpha∈(0,1)）+selection-layer.test 2 it）[locked-change]——票面 scripts/audits/sr2-f-07-brief.md；依赖 F-06（推翻其 C 案）+AI-09（层链既有）' },
scripts\audits\ds-health-review-brief.md:1341:  { id: 'SR-RDR-05', file: 'src/renderer/features/reader/SelectionLayer.tsx', area: 'reader', owner: 'weak', status: 'done', summary: '文本选择→定位器交互层' },
scripts\audits\ds-health-review-brief.md:1444:  { id: 'SR2-F-07', file: 'src/renderer/features/reader/SelectionLayer.tsx', area: 'reader', owner: 'strong', status: 'done', summary: '划选自绘选区+AI 层去 multiply（b3: P7-F；复测缺陷 P1 修复——F-06 不透明 ::selection 遮 canvas 字形根因推翻：pdfjs 文本层 span color:transparent 字形在下层，半透明才透字，「压白底等效色」只对纯白底成立；B 案=::selection 置 transparent（两行同值死代码收敛单行）+SelectionLayer 按 anchor.rects 自绘 30% accent 半透明选区块（z:2/pointer-events:none/禁 multiply——单层单绘根除重叠 span 逐元素叠绘；247 行触 250 拆 SelectionRects/SelectionToolbar 两件 DOM 零变化）+AiAnnotationLayer 摘容器 multiply 保 opacity:0.45（与 AnnotationLayer 层间叠乘路径清零——AI-09 起既有机制）；门一 C 项层叠链源码级三判据全过+机制三断言锁回炉（e2e computed style mixBlendMode/pointerEvents/zIndex——F-06「审色值没审机制」教训同构残余堵口）；受锁 reader-text.spec F-06 小票 C 节守卫改写（transparent+自绘层+alpha∈(0,1)）+selection-layer.test 2 it）[locked-change]——票面 scripts/audits/sr2-f-07-brief.md；依赖 F-06（推翻其 C 案）+AI-09（层链既有）' },
scripts\audits\auditc-brief.md:1178:  { id: 'SR-RDR-05', file: 'src/renderer/features/reader/SelectionLayer.tsx', area: 'reader', owner: 'weak', status: 'done', summary: '文本选择→定位器交互层' },
scripts\audits\auditc-brief.md:1281:  { id: 'SR2-F-07', file: 'src/renderer/features/reader/SelectionLayer.tsx', area: 'reader', owner: 'strong', status: 'done', summary: '划选自绘选区+AI 层去 multiply（b3: P7-F；复测缺陷 P1 修复——F-06 不透明 ::selection 遮 canvas 字形根因推翻：pdfjs 文本层 span color:transparent 字形在下层，半透明才透字，「压白底等效色」只对纯白底成立；B 案=::selection 置 transparent（两行同值死代码收敛单行）+SelectionLayer 按 anchor.rects 自绘 30% accent 半透明选区块（z:2/pointer-events:none/禁 multiply——单层单绘根除重叠 span 逐元素叠绘；247 行触 250 拆 SelectionRects/SelectionToolbar 两件 DOM 零变化）+AiAnnotationLayer 摘容器 multiply 保 opacity:0.45（与 AnnotationLayer 层间叠乘路径清零——AI-09 起既有机制）；门一 C 项层叠链源码级三判据全过+机制三断言锁回炉（e2e computed style mixBlendMode/pointerEvents/zIndex——F-06「审色值没审机制」教训同构残余堵口）；受锁 reader-text.spec F-06 小票 C 节守卫改写（transparent+自绘层+alpha∈(0,1)）+selection-layer.test 2 it）[locked-change]——票面 scripts/audits/sr2-f-07-brief.md；依赖 F-06（推翻其 C 案）+AI-09（层链既有）' },
scripts\audits\auditc-review-brief.md:1424:  { id: 'SR-RDR-05', file: 'src/renderer/features/reader/SelectionLayer.tsx', area: 'reader', owner: 'weak', status: 'done', summary: '文本选择→定位器交互层' },
scripts\audits\auditc-review-brief.md:1527:  { id: 'SR2-F-07', file: 'src/renderer/features/reader/SelectionLayer.tsx', area: 'reader', owner: 'strong', status: 'done', summary: '划选自绘选区+AI 层去 multiply（b3: P7-F；复测缺陷 P1 修复——F-06 不透明 ::selection 遮 canvas 字形根因推翻：pdfjs 文本层 span color:transparent 字形在下层，半透明才透字，「压白底等效色」只对纯白底成立；B 案=::selection 置 transparent（两行同值死代码收敛单行）+SelectionLayer 按 anchor.rects 自绘 30% accent 半透明选区块（z:2/pointer-events:none/禁 multiply——单层单绘根除重叠 span 逐元素叠绘；247 行触 250 拆 SelectionRects/SelectionToolbar 两件 DOM 零变化）+AiAnnotationLayer 摘容器 multiply 保 opacity:0.45（与 AnnotationLayer 层间叠乘路径清零——AI-09 起既有机制）；门一 C 项层叠链源码级三判据全过+机制三断言锁回炉（e2e computed style mixBlendMode/pointerEvents/zIndex——F-06「审色值没审机制」教训同构残余堵口）；受锁 reader-text.spec F-06 小票 C 节守卫改写（transparent+自绘层+alpha∈(0,1)）+selection-layer.test 2 it）[locked-change]——票面 scripts/audits/sr2-f-07-brief.md；依赖 F-06（推翻其 C 案）+AI-09（层链既有）' },
scripts\audits\audit-c-scan.md:31:**组件级写路径（全读）**：`reader/SelectionLayer.tsx`（249 行）、`reader/AnnotationLayer.tsx`（80-209 行写路径段）、`reader/ReaderPage.tsx`（60-179 行装配段）、`library/ImportDropZone.tsx`（145 行）、`library/MetaEditDialog.tsx`（85-125 行）、`tags/TagEditor.tsx`（40-120 行）、`app/App.tsx`（205 行）、`app/TitleBarControls.tsx`（55-105 行）、`settings/useExportCorpusEvents.ts`（69 行）。
scripts\audits\audit-c-scan.md:156:### SelectionLayer.tsx（src/renderer/features/reader/SelectionLayer.tsx，249 行）
scripts\audits\audit-c-scan-review-brief.md:158:**组件级写路径（全读）**：`reader/SelectionLayer.tsx`（249 行）、`reader/AnnotationLayer.tsx`（80-209 行写路径段）、`reader/ReaderPage.tsx`（60-179 行装配段）、`library/ImportDropZone.tsx`（145 行）、`library/MetaEditDialog.tsx`（85-125 行）、`tags/TagEditor.tsx`（40-120 行）、`app/App.tsx`（205 行）、`app/TitleBarControls.tsx`（55-105 行）、`settings/useExportCorpusEvents.ts`（69 行）。
scripts\audits\audit-c-scan-review-brief.md:282:### SelectionLayer.tsx（src/renderer/features/reader/SelectionLayer.tsx，249 行）
scripts\audits\f-a6-design-kimi-package.md:9:  { id: 'SR2-F-07', file: 'src/renderer/features/reader/SelectionLayer.tsx', area: 'reader', owner: 'strong', status: 'done', summary: '划选自绘选区+AI 层去 multiply（b3: P7-F；复测缺陷 P1 修复——F-06 不透明 ::selection 遮 canvas 字形根因推翻：pdfjs 文本层 span color:transparent 字形在下层，半透明才透字，「压白底等效色」只对纯白底成立；B 案=::selection 置 transparent（两行同值死代码收敛单行）+SelectionLayer 按 anchor.rects 自绘 30% accent 半透明选区块（z:2/pointer-events:none/禁 multiply——单层单绘根除重叠 span 逐元素叠绘；247 行触 250 拆 SelectionRects/SelectionToolbar 两件 DOM 零变化）+AiAnnotationLayer 摘容器 multiply 保 opacity:0.45（与 AnnotationLayer 层间叠乘路径清零——AI-09 起既有机制）；门一 C 项层叠链源码级三判据全过+机制三断言锁回炉（e2e computed style mixBlendMode/pointerEvents/zIndex——F-06「审色值没审机制」教训同构残余堵口）；受锁 reader-text.spec F-06 小票 C 节守卫改写（transparent+自绘层+alpha∈(0,1)）+selection-layer.test 2 it）[locked-change]——票面 scripts/audits/sr2-f-07-brief.md；依赖 F-06（推翻其 C 案）+AI-09（层链既有）' },
scripts\audits\f-a6-design-kimi-package.md:173:### src/renderer/features/reader/SelectionLayer.tsx
scripts\audits\f-a6-design-kimi-package.md:426:### src/renderer/features/reader/selection-paint.tsx
scripts\audits\f-a6-design-kimi-package.md:509:### src/renderer/features/reader/selection-geometry.ts
scripts\audits\f-a6-design-kimi-package.md:2046:| `src/renderer/features/reader/selection-evaluate.ts`（新） | evaluateVisual（快路径：raw range clientRects→同源 merge→缓存 bands）/evaluateFull（现行逻辑**迁移+删 visualOnly 死参面**——onVisual 不再调 evaluate(·,true) 后 SelectionLayer.tsx:103/113/123/129/138-139 分支全死，P10 死代码即删）+拖选会话缓存（span band/fontSize/基准盒）+S9 检测器挂点 | +~170 |
scripts\audits\f-a6-design-kimi-package.md:2047:| `src/renderer/features/reader/SelectionLayer.tsx` | evaluate 迁出+双路径接线（249→~200±5，测算 −47：evaluate 闭包 48 行+import 收缩 3−新接线 4；250 红线解除） | 净 −47~−55 |
scripts\audits\f-a6-design-kimi-package.md:2048:| `src/renderer/features/reader/selection-geometry.ts` | createVisualScheduler 改 rAF 对齐：leading 首事件即排 rAF（≤16ms，S1b 零反馈红线保持）、帧内合帧去重、settle 防抖 200ms **零变**、cancel 清 rAF | +~35（144→~180） |
scripts\audits\f-a6-design-kimi-package.md:2049:| `src/renderer/features/reader/selection-paint.tsx` | React.memo+props 稳定化 | +~8 |
scripts\audits\f-a6-design-ds-package.md:169:| `src/renderer/features/reader/selection-evaluate.ts`（新） | evaluateVisual（快路径：raw range clientRects→同源 merge→缓存 bands）**守卫前置（强制条款——Kimi 拟定裁决 2-§5①）**：必须复用现行 evaluate 的四道收敛守卫——(i) sel null/rangeCount 0/isCollapsed→setPaint(null)；(ii) closestPageRoot(anchorNode)≠closestPageRoot(focusNode)→setPaint(null) 静默（visualOnly 不 toast，现行语义）；(iii) 页外/textLayer 缺→setPaint(null)；(iv) range.getBoundingClientRect() 零宽零高→setPaint(null)。缺一则跨页/坍缩拖选会把跨页 clientRects 归一化进单页 pixelBoxOf=textLayer 盒=新 D1 同族错乱源；归一化基准=选区所在页 textLayer 的 pixelBoxOf（与 settle 同盒）/evaluateFull（现行逻辑**迁移+删 visualOnly 死参面**——onVisual 不再调 evaluate(·,true) 后 SelectionLayer.tsx:103/113/123/129/138-139 分支全死，P10 死代码即删）+拖选会话缓存（span band/fontSize/基准盒）+S9 检测器挂点 | +~170 |
scripts\audits\f-a6-design-ds-package.md:170:| `src/renderer/features/reader/SelectionLayer.tsx` | evaluate 迁出+双路径接线（249→~200±5，测算 −47：evaluate 闭包 48 行+import 收缩 3−新接线 4；250 红线解除） | 净 −47~−55 |
scripts\audits\f-a6-design-ds-package.md:171:| `src/renderer/features/reader/selection-geometry.ts` | createVisualScheduler 改 rAF 对齐：leading 首事件即排 rAF（≤16ms，S1b 零反馈红线保持）、帧内合帧去重、settle 防抖 200ms **零变**、cancel 清 rAF | +~35（144→~180） |
scripts\audits\f-a6-design-ds-package.md:172:| `src/renderer/features/reader/selection-paint.tsx` | React.memo+props 稳定化 | +~8 |
scripts\audits\f-a6-design-ds-package.md:302:### src/renderer/features/reader/SelectionLayer.tsx
scripts\audits\f-a6-design-ds-package.md:555:### src/renderer/features/reader/selection-geometry.ts
scripts\audits\f-a6-design-ds-package.md:703:### src/renderer/features/reader/selection-paint.tsx
scripts\audits\f-a6-geom-kimi-package.md:172:| `src/renderer/features/reader/selection-evaluate.ts`（新） | evaluateVisual（快路径数据链——deepseek WARN-2/3 闭合：**视口 clientRects → 增量维护被选 textNodes/span 集合（Range 子树父元素枚举——首次全量+跨帧增长增量，缓存 keyed by span）→ pixelBoxOf(textLayer) 归一化 → 同源 mergeLineRects+mergeRects → 缓存 bands（bandsForTextNodes 消费同一 textNodes 集合）**）**守卫前置（强制条款——Kimi 拟定裁决 2-§5①）**：必须复用现行 evaluate 的四道收敛守卫——(i) sel null/rangeCount 0/isCollapsed→setPaint(null)；(ii) closestPageRoot(anchorNode)≠closestPageRoot(focusNode)→setPaint(null) 静默（visualOnly 不 toast，现行语义）；(iii) 页外/textLayer 缺→setPaint(null)；(iv) range.getBoundingClientRect() 零宽零高→setPaint(null)。缺一则跨页/坍缩拖选会把跨页 clientRects 归一化进单页 pixelBoxOf=textLayer 盒=新 D1 同族错乱源；归一化基准=选区所在页 textLayer 的 pixelBoxOf（与 settle 同盒，在转换链内非注脚）/evaluateFull（现行逻辑**迁移+删 visualOnly 死参面**——onVisual 不再调 evaluate(·,true) 后 SelectionLayer.tsx:103/113/123/129/138-139 分支全死，P10 死代码即删）+拖选会话缓存（span band/fontSize/基准盒）+S9 检测器挂点；tick 预算含增量枚举成本（首帧全量、后续增量≈选区增长量级） | +~170 |
scripts\audits\f-a6-geom-kimi-package.md:173:| `src/renderer/features/reader/SelectionLayer.tsx` | evaluate 迁出+双路径接线（**红线解除目标 ≤220——实施以实际 diff 为准**，deepseek NIT-4：不给伪精确行数；方向=净减（evaluate 闭包整体迁出） | 净减（目标 ~200±20） |
scripts\audits\f-a6-geom-kimi-package.md:174:| `src/renderer/features/reader/selection-geometry.ts` | createVisualScheduler 改 rAF 对齐：leading 首事件即排 rAF（≤16ms，S1b 零反馈红线保持）、帧内合帧去重、settle 防抖 200ms **零变**、cancel 清 rAF | +~35（144→~180） |
scripts\audits\f-a6-geom-kimi-package.md:175:| `src/renderer/features/reader/selection-paint.tsx` | React.memo+props 稳定化 | +~8 |
scripts\audits\f-a6-geom-ds-package.md:173:| `src/renderer/features/reader/selection-evaluate.ts`（新） | evaluateVisual（快路径数据链——deepseek WARN-2/3 闭合：**视口 clientRects → 增量维护被选 textNodes/span 集合（Range 子树父元素枚举——首次全量+跨帧增长增量，缓存 keyed by span）→ pixelBoxOf(textLayer) 归一化 → 同源 mergeLineRects+mergeRects → 缓存 bands（bandsForTextNodes 消费同一 textNodes 集合）**）**守卫前置（强制条款——Kimi 拟定裁决 2-§5①）**：必须复用现行 evaluate 的四道收敛守卫——(i) sel null/rangeCount 0/isCollapsed→setPaint(null)；(ii) closestPageRoot(anchorNode)≠closestPageRoot(focusNode)→setPaint(null) 静默（visualOnly 不 toast，现行语义）；(iii) 页外/textLayer 缺→setPaint(null)；(iv) range.getBoundingClientRect() 零宽零高→setPaint(null)。缺一则跨页/坍缩拖选会把跨页 clientRects 归一化进单页 pixelBoxOf=textLayer 盒=新 D1 同族错乱源；归一化基准=选区所在页 textLayer 的 pixelBoxOf（与 settle 同盒，在转换链内非注脚）/evaluateFull（现行逻辑**迁移+删 visualOnly 死参面**——onVisual 不再调 evaluate(·,true) 后 SelectionLayer.tsx:103/113/123/129/138-139 分支全死，P10 死代码即删）+拖选会话缓存（span band/fontSize/基准盒）+S9 检测器挂点；tick 预算含增量枚举成本（首帧全量、后续增量≈选区增长量级） | +~170 |
scripts\audits\f-a6-geom-ds-package.md:174:| `src/renderer/features/reader/SelectionLayer.tsx` | evaluate 迁出+双路径接线（**红线解除目标 ≤220——实施以实际 diff 为准**，deepseek NIT-4：不给伪精确行数；方向=净减（evaluate 闭包整体迁出） | 净减（目标 ~200±20） |
scripts\audits\f-a6-geom-ds-package.md:175:| `src/renderer/features/reader/selection-geometry.ts` | createVisualScheduler 改 rAF 对齐：leading 首事件即排 rAF（≤16ms，S1b 零反馈红线保持）、帧内合帧去重、settle 防抖 200ms **零变**、cancel 清 rAF | +~35（144→~180） |
scripts\audits\f-a6-geom-ds-package.md:176:| `src/renderer/features/reader/selection-paint.tsx` | React.memo+props 稳定化 | +~8 |
scripts\audits\f-a6b2-gate1-package.md:859:diff --git a/src/renderer/features/reader/SelectionLayer.tsx b/src/renderer/features/reader/SelectionLayer.tsx
scripts\audits\f-a6b2-gate1-package.md:861:--- a/src/renderer/features/reader/SelectionLayer.tsx
scripts\audits\f-a6b2-gate1-package.md:862:+++ b/src/renderer/features/reader/SelectionLayer.tsx
scripts\audits\f-a6b2-gate-diff.patch:74:diff --git a/src/renderer/features/reader/SelectionLayer.tsx b/src/renderer/features/reader/SelectionLayer.tsx
scripts\audits\f-a6b2-gate-diff.patch:76:--- a/src/renderer/features/reader/SelectionLayer.tsx
scripts\audits\f-a6b2-gate-diff.patch:77:+++ b/src/renderer/features/reader/SelectionLayer.tsx
scripts\audits\f-a6b2-gate2-package.md:874:diff --git a/src/renderer/features/reader/SelectionLayer.tsx b/src/renderer/features/reader/SelectionLayer.tsx
scripts\audits\f-a6b2-gate2-package.md:876:--- a/src/renderer/features/reader/SelectionLayer.tsx
scripts\audits\f-a6b2-gate2-package.md:877:+++ b/src/renderer/features/reader/SelectionLayer.tsx
scripts\audits\f-a6c-gate2-package.md:199:import { createVisualScheduler } from '../../../src/renderer/features/reader/selection-geometry'
scripts\audits\f-a6c-gate2-package.md:289:import { SelectionLayer } from '../../../src/renderer/features/reader/SelectionLayer'
scripts\audits\f-a6c-gate2-package.md:518:diff --git a/src/renderer/features/reader/SelectionLayer.tsx b/src/renderer/features/reader/SelectionLayer.tsx
scripts\audits\f-a6c-gate2-package.md:520:--- a/src/renderer/features/reader/SelectionLayer.tsx
scripts\audits\f-a6c-gate2-package.md:521:+++ b/src/renderer/features/reader/SelectionLayer.tsx
scripts\audits\f-a6c-gate2-package.md:606:diff --git a/src/renderer/features/reader/selection-evaluate.ts b/src/renderer/features/reader/selection-evaluate.ts
scripts\audits\f-a6c-gate2-package.md:608:--- a/src/renderer/features/reader/selection-evaluate.ts
scripts\audits\f-a6c-gate2-package.md:609:+++ b/src/renderer/features/reader/selection-evaluate.ts
scripts\audits\f-a6c-gate2-package.md:827:diff --git a/src/renderer/features/reader/selection-geometry.ts b/src/renderer/features/reader/selection-geometry.ts
scripts\audits\f-a6c-gate2-package.md:829:--- a/src/renderer/features/reader/selection-geometry.ts
scripts\audits\f-a6c-gate2-package.md:830:+++ b/src/renderer/features/reader/selection-geometry.ts
scripts\audits\f-a6c-gate2-package.md:898:diff --git a/src/renderer/features/reader/selection-paint.tsx b/src/renderer/features/reader/selection-paint.tsx
scripts\audits\f-a6c-gate2-package.md:900:--- a/src/renderer/features/reader/selection-paint.tsx
scripts\audits\f-a6c-gate2-package.md:901:+++ b/src/renderer/features/reader/selection-paint.tsx
scripts\audits\f-a6c-gate-diff.patch:22:diff --git a/src/renderer/features/reader/SelectionLayer.tsx b/src/renderer/features/reader/SelectionLayer.tsx
scripts\audits\f-a6c-gate-diff.patch:24:--- a/src/renderer/features/reader/SelectionLayer.tsx
scripts\audits\f-a6c-gate-diff.patch:25:+++ b/src/renderer/features/reader/SelectionLayer.tsx
scripts\audits\f-a6c-gate-diff.patch:110:diff --git a/src/renderer/features/reader/selection-evaluate.ts b/src/renderer/features/reader/selection-evaluate.ts
scripts\audits\f-a6c-gate-diff.patch:112:--- a/src/renderer/features/reader/selection-evaluate.ts
scripts\audits\f-a6c-gate-diff.patch:113:+++ b/src/renderer/features/reader/selection-evaluate.ts
scripts\audits\f-a6c-gate-diff.patch:331:diff --git a/src/renderer/features/reader/selection-geometry.ts b/src/renderer/features/reader/selection-geometry.ts
scripts\audits\f-a6c-gate-diff.patch:333:--- a/src/renderer/features/reader/selection-geometry.ts
scripts\audits\f-a6c-gate-diff.patch:334:+++ b/src/renderer/features/reader/selection-geometry.ts
scripts\audits\f-a6c-gate-diff.patch:402:diff --git a/src/renderer/features/reader/selection-paint.tsx b/src/renderer/features/reader/selection-paint.tsx
scripts\audits\f-a6c-gate-diff.patch:404:--- a/src/renderer/features/reader/selection-paint.tsx
scripts\audits\f-a6c-gate-diff.patch:405:+++ b/src/renderer/features/reader/selection-paint.tsx
scripts\audits\f-a6c-gate1-package.md:184:import { createVisualScheduler } from '../../../src/renderer/features/reader/selection-geometry'
scripts\audits\f-a6c-gate1-package.md:274:import { SelectionLayer } from '../../../src/renderer/features/reader/SelectionLayer'
scripts\audits\f-a6c-gate1-package.md:503:diff --git a/src/renderer/features/reader/SelectionLayer.tsx b/src/renderer/features/reader/SelectionLayer.tsx
scripts\audits\f-a6c-gate1-package.md:505:--- a/src/renderer/features/reader/SelectionLayer.tsx
scripts\audits\f-a6c-gate1-package.md:506:+++ b/src/renderer/features/reader/SelectionLayer.tsx
scripts\audits\f-a6c-gate1-package.md:591:diff --git a/src/renderer/features/reader/selection-evaluate.ts b/src/renderer/features/reader/selection-evaluate.ts
scripts\audits\f-a6c-gate1-package.md:593:--- a/src/renderer/features/reader/selection-evaluate.ts
scripts\audits\f-a6c-gate1-package.md:594:+++ b/src/renderer/features/reader/selection-evaluate.ts
scripts\audits\f-a6c-gate1-package.md:812:diff --git a/src/renderer/features/reader/selection-geometry.ts b/src/renderer/features/reader/selection-geometry.ts
scripts\audits\f-a6c-gate1-package.md:814:--- a/src/renderer/features/reader/selection-geometry.ts
scripts\audits\f-a6c-gate1-package.md:815:+++ b/src/renderer/features/reader/selection-geometry.ts
scripts\audits\f-a6c-gate1-package.md:883:diff --git a/src/renderer/features/reader/selection-paint.tsx b/src/renderer/features/reader/selection-paint.tsx
scripts\audits\f-a6c-gate1-package.md:885:--- a/src/renderer/features/reader/selection-paint.tsx
scripts\audits\f-a6c-gate1-package.md:886:+++ b/src/renderer/features/reader/selection-paint.tsx
scripts\audits\f-a6d-gate1-package.md:123:+| INV-58 | 拖选期视觉与保存 rects 同几何管线（F-A6，2026-09-04 随 c 票落地登记）：快路径（evaluateVisual）与全量（evaluateFull/settle）必须属**同一几何族**（pdf-item-geometry 项声明几何族：rectsForOffsetRange+基线分组 baselineGroupBlocks+bandsFromItems——b2 主链迁移/c 快路径接线），禁止第二几何口径（防松手同帧把旧错几何带回——deepseek 终位 WARN-3）；rect 与 bands 同由项几何+styles 派生（C5，禁项源 rect×DOM 量测 band 混用——matchBand 两口径混用=b 链错绑同构风险）；**适用域=selection 产链（evaluate→paint→pending.anchor.rects→save）**；AnnotationLayer 存量重锚域=票外（门二 seam_ruling——仍走 DOM 量测几何，同族化独立票排期）；回退层允许（DOM 量测=快→全量→DOM 三层回退的末端，warn 不静默——三回退因：页项缺失/偏移对账失败/计算异常） | src/renderer/features/reader/selection-evaluate.ts（双路径单文件：快=evaluateVisual 项几何直取/全量=evaluateFull 保存链权威）+pdf-item-geometry.ts（项几何族单源：viewportTransformFor/rectsForOffsetRange/baselineGroupBlocks/bandsFromItems+G2 检测器阈值常量）+SelectionLayer.tsx 接线（evaluate 域拆出+paint 态承载）+page-items.store（zustand 单源注册表——页项/几何下钻通道） | 单测（selection-evaluate.test：快慢等价 it——同夹具 rAF 帧快路径产物与 settle 全量产物逐位一致（块数+四向几何）+同帧覆盖 it——快路径帧落地后全量覆盖（mid-drag zoom 差分形态，终态=全量产物）+快路径跨页守卫 it+W1 mouseup 顺序锚；MUT3 快路径守卫(ii) 删除红证在档）+四轮取证 A/B 对照（scripts/audits/f-a6-forensic-verdict.md §11/§12——甲乙同链 shift ≤0.01px 按构造+D1 面逐位零回归） | 已锚定（2026-09-04） |
scripts\audits\f-a6d-gate-diff.patch:98:+| INV-58 | 拖选期视觉与保存 rects 同几何管线（F-A6，2026-09-04 随 c 票落地登记）：快路径（evaluateVisual）与全量（evaluateFull/settle）必须属**同一几何族**（pdf-item-geometry 项声明几何族：rectsForOffsetRange+基线分组 baselineGroupBlocks+bandsFromItems——b2 主链迁移/c 快路径接线），禁止第二几何口径（防松手同帧把旧错几何带回——deepseek 终位 WARN-3）；rect 与 bands 同由项几何+styles 派生（C5，禁项源 rect×DOM 量测 band 混用——matchBand 两口径混用=b 链错绑同构风险）；**适用域=selection 产链（evaluate→paint→pending.anchor.rects→save）**；AnnotationLayer 存量重锚域=票外（门二 seam_ruling——仍走 DOM 量测几何，同族化独立票排期）；回退层允许（DOM 量测=快→全量→DOM 三层回退的末端，warn 不静默——三回退因：页项缺失/偏移对账失败/计算异常） | src/renderer/features/reader/selection-evaluate.ts（双路径单文件：快=evaluateVisual 项几何直取/全量=evaluateFull 保存链权威）+pdf-item-geometry.ts（项几何族单源：viewportTransformFor/rectsForOffsetRange/baselineGroupBlocks/bandsFromItems+G2 检测器阈值常量）+SelectionLayer.tsx 接线（evaluate 域拆出+paint 态承载）+page-items.store（zustand 单源注册表——页项/几何下钻通道） | 单测（selection-evaluate.test：快慢等价 it——同夹具 rAF 帧快路径产物与 settle 全量产物逐位一致（块数+四向几何）+同帧覆盖 it——快路径帧落地后全量覆盖（mid-drag zoom 差分形态，终态=全量产物）+快路径跨页守卫 it+W1 mouseup 顺序锚；MUT3 快路径守卫(ii) 删除红证在档）+四轮取证 A/B 对照（scripts/audits/f-a6-forensic-verdict.md §11/§12——甲乙同链 shift ≤0.01px 按构造+D1 面逐位零回归） | 已锚定（2026-09-04） |
scripts\audits\f-a8-gate2-diff.patch:18:-| INV-58 | 拖选期视觉与保存 rects 同几何管线（F-A6，2026-09-04 随 c 票落地登记）：快路径（evaluateVisual）与全量（evaluateFull/settle）必须属**同一几何族**（pdf-item-geometry 项声明几何族：rectsForOffsetRange+基线分组 baselineGroupBlocks+bandsFromItems——b2 主链迁移/c 快路径接线），禁止第二几何口径（防松手同帧把旧错几何带回——deepseek 终位 WARN-3）；rect 与 bands 同由项几何+styles 派生（C5，禁项源 rect×DOM 量测 band 混用——matchBand 两口径混用=b 链错绑同构风险）；**适用域=selection 产链（evaluate→paint→pending.anchor.rects→save）**；AnnotationLayer 存量重锚域=票外（门二 seam_ruling——仍走 DOM 量测几何，同族化独立票排期）；回退层允许（DOM 量测=快→全量→DOM 三层回退的末端，warn 不静默——三回退因：页项缺失/偏移对账失败/计算异常） | src/renderer/features/reader/selection-evaluate.ts（双路径单文件：快=evaluateVisual 项几何直取/全量=evaluateFull 保存链权威）+pdf-item-geometry.ts（项几何族单源：viewportTransformFor/rectsForOffsetRange/baselineGroupBlocks/bandsFromItems+G2 检测器阈值常量）+SelectionLayer.tsx 接线（evaluate 域拆出+paint 态承载）+page-items.store（zustand 单源注册表——页项/几何下钻通道） | 单测（selection-evaluate.test：快慢等价 it——同夹具 rAF 帧快路径产物与 settle 全量产物逐位一致（块数+四向几何）+同帧覆盖 it——快路径帧落地后全量覆盖（mid-drag zoom 差分形态，终态=全量产物）+快路径跨页守卫 it+W1 mouseup 顺序锚；MUT3 快路径守卫(ii) 删除红证在档）+四轮取证 A/B 对照（scripts/audits/f-a6-forensic-verdict.md §11/§12——甲乙同链 shift ≤0.01px 按构造+D1 面逐位零回归） | 已锚定（2026-09-04） |
scripts\audits\f-a8-gate2-diff.patch:19:+| INV-58 | 拖选期视觉与保存 rects 同几何管线（F-A6，2026-09-04 随 c 票落地登记；**F-A8 门2 扩域**同日）：快路径（evaluateVisual）与全量（evaluateFull/settle）必须属**同一几何族**（pdf-item-geometry 项声明几何族：rectsForOffsetRange+基线分组 baselineGroupBlocks+bandsFromItems——b2 主链迁移/c 快路径接线），禁止第二几何口径（防松手同帧把旧错几何带回——deepseek 终位 WARN-3）；rect 与 bands 同由项几何+styles 派生（C5，禁项源 rect×DOM 量测 band 混用——matchBand 两口径混用=b 链错绑同构风险）；**适用域=selection 产链（evaluate→paint→pending.anchor.rects→save）+Annotation/AiAnnotation 重锚链（F-A8 门2 起项几何族=重锚主链）**；DOM 量测仅允许存在于显式回退层（resolveAnnotationRectsDom=S4 页级回退，**函数体零改**=INV-47 数值面锚）且产物必须标域（source:'dom'——INV-60）；**S6 名实（门一 W1 补注）：S6 触发=项盒健康代理——blocks 经 clamp01×base 构造恒落盒内，unhealthy 实由 boxes[项几何]越界触发，项盒健康而 DOM 链独立病理时 S6 不拦（门 3 随回退层去留复核）**；回退层允许（DOM 量测=快→全量→DOM 三层回退的末端，warn 不静默——三回退因：页项缺失/偏移对账失败/计算异常） | src/renderer/features/reader/selection-evaluate.ts（双路径单文件：快=evaluateVisual 项几何直取/全量=evaluateFull 保存链权威）+pdf-item-geometry.ts（项几何族单源：viewportTransformFor/rectsForOffsetRange/baselineGroupBlocks/bandsFromItems+G2 检测器阈值常量）+SelectionLayer.tsx 接线（evaluate 域拆出+paint 态承载）+page-items.store（zustand 单源注册表——页项/几何下钻通道）+**annotation-resolve-layered.ts（F-A8 门2：重锚三层编排器 S0~S6——AnnotationLayer/AiAnnotationLayer 共形消费）** | 单测（selection-evaluate.test：快慢等价 it——同夹具 rAF 帧快路径产物与 settle 全量产物逐位一致（块数+四向几何）+同帧覆盖 it——快路径帧落地后全量覆盖（mid-drag zoom 差分形态，终态=全量产物）+快路径跨页守卫 it+W1 mouseup 顺序锚；MUT3 快路径守卫(ii) 删除红证在档）+四轮取证 A/B 对照（scripts/audits/f-a6-forensic-verdict.md §11/§12——甲乙同链 shift ≤0.01px 按构造+D1 面逐位零回归）+**annotation-layer.test/ai-annotation-layer.test F-A8 门2 describe（S0 缺席/S1 对账失败回退/S2 项几何产物/S3b 条目回退/S6 病理抑制/CR1 竞态 fixture/域标记——M1 删订阅/M2 删 S6/M3 主链换 DOM 变异红证在档）** | 已锚定（2026-09-04 F-A6；F-A8 门2 扩域同日） |
scripts\audits\f-a8-gate2-gate1-package.md:93:-| INV-58 | 拖选期视觉与保存 rects 同几何管线（F-A6，2026-09-04 随 c 票落地登记）：快路径（evaluateVisual）与全量（evaluateFull/settle）必须属**同一几何族**（pdf-item-geometry 项声明几何族：rectsForOffsetRange+基线分组 baselineGroupBlocks+bandsFromItems——b2 主链迁移/c 快路径接线），禁止第二几何口径（防松手同帧把旧错几何带回——deepseek 终位 WARN-3）；rect 与 bands 同由项几何+styles 派生（C5，禁项源 rect×DOM 量测 band 混用——matchBand 两口径混用=b 链错绑同构风险）；**适用域=selection 产链（evaluate→paint→pending.anchor.rects→save）**；AnnotationLayer 存量重锚域=票外（门二 seam_ruling——仍走 DOM 量测几何，同族化独立票排期）；回退层允许（DOM 量测=快→全量→DOM 三层回退的末端，warn 不静默——三回退因：页项缺失/偏移对账失败/计算异常） | src/renderer/features/reader/selection-evaluate.ts（双路径单文件：快=evaluateVisual 项几何直取/全量=evaluateFull 保存链权威）+pdf-item-geometry.ts（项几何族单源：viewportTransformFor/rectsForOffsetRange/baselineGroupBlocks/bandsFromItems+G2 检测器阈值常量）+SelectionLayer.tsx 接线（evaluate 域拆出+paint 态承载）+page-items.store（zustand 单源注册表——页项/几何下钻通道） | 单测（selection-evaluate.test：快慢等价 it——同夹具 rAF 帧快路径产物与 settle 全量产物逐位一致（块数+四向几何）+同帧覆盖 it——快路径帧落地后全量覆盖（mid-drag zoom 差分形态，终态=全量产物）+快路径跨页守卫 it+W1 mouseup 顺序锚；MUT3 快路径守卫(ii) 删除红证在档）+四轮取证 A/B 对照（scripts/audits/f-a6-forensic-verdict.md §11/§12——甲乙同链 shift ≤0.01px 按构造+D1 面逐位零回归） | 已锚定（2026-09-04） |
scripts\audits\f-a8-gate2-gate1-package.md:94:+| INV-58 | 拖选期视觉与保存 rects 同几何管线（F-A6，2026-09-04 随 c 票落地登记；**F-A8 门2 扩域**同日）：快路径（evaluateVisual）与全量（evaluateFull/settle）必须属**同一几何族**（pdf-item-geometry 项声明几何族：rectsForOffsetRange+基线分组 baselineGroupBlocks+bandsFromItems——b2 主链迁移/c 快路径接线），禁止第二几何口径（防松手同帧把旧错几何带回——deepseek 终位 WARN-3）；rect 与 bands 同由项几何+styles 派生（C5，禁项源 rect×DOM 量测 band 混用——matchBand 两口径混用=b 链错绑同构风险）；**适用域=selection 产链（evaluate→paint→pending.anchor.rects→save）+Annotation/AiAnnotation 重锚链（F-A8 门2 起项几何族=重锚主链）**；DOM 量测仅允许存在于显式回退层（resolveAnnotationRectsDom=S4 页级回退，**函数体零改**=INV-47 数值面锚）且产物必须标域（source:'dom'——INV-60）；回退层允许（DOM 量测=快→全量→DOM 三层回退的末端，warn 不静默——三回退因：页项缺失/偏移对账失败/计算异常） | src/renderer/features/reader/selection-evaluate.ts（双路径单文件：快=evaluateVisual 项几何直取/全量=evaluateFull 保存链权威）+pdf-item-geometry.ts（项几何族单源：viewportTransformFor/rectsForOffsetRange/baselineGroupBlocks/bandsFromItems+G2 检测器阈值常量）+SelectionLayer.tsx 接线（evaluate 域拆出+paint 态承载）+page-items.store（zustand 单源注册表——页项/几何下钻通道）+**annotation-resolve-layered.ts（F-A8 门2：重锚三层编排器 S0~S6——AnnotationLayer/AiAnnotationLayer 共形消费）** | 单测（selection-evaluate.test：快慢等价 it——同夹具 rAF 帧快路径产物与 settle 全量产物逐位一致（块数+四向几何）+同帧覆盖 it——快路径帧落地后全量覆盖（mid-drag zoom 差分形态，终态=全量产物）+快路径跨页守卫 it+W1 mouseup 顺序锚；MUT3 快路径守卫(ii) 删除红证在档）+四轮取证 A/B 对照（scripts/audits/f-a6-forensic-verdict.md §11/§12——甲乙同链 shift ≤0.01px 按构造+D1 面逐位零回归）+**annotation-layer.test/ai-annotation-layer.test F-A8 门2 describe（S0 缺席/S1 对账失败回退/S2 项几何产物/S3b 条目回退/S6 病理抑制/CR1 竞态 fixture/域标记——M1 删订阅/M2 删 S6/M3 主链换 DOM 变异红证在档）** | 已锚定（2026-09-04 F-A6；F-A8 门2 扩域同日） |
scripts\audits\f-a8-gate2-gate2-package.md:68:-| INV-58 | 拖选期视觉与保存 rects 同几何管线（F-A6，2026-09-04 随 c 票落地登记）：快路径（evaluateVisual）与全量（evaluateFull/settle）必须属**同一几何族**（pdf-item-geometry 项声明几何族：rectsForOffsetRange+基线分组 baselineGroupBlocks+bandsFromItems——b2 主链迁移/c 快路径接线），禁止第二几何口径（防松手同帧把旧错几何带回——deepseek 终位 WARN-3）；rect 与 bands 同由项几何+styles 派生（C5，禁项源 rect×DOM 量测 band 混用——matchBand 两口径混用=b 链错绑同构风险）；**适用域=selection 产链（evaluate→paint→pending.anchor.rects→save）**；AnnotationLayer 存量重锚域=票外（门二 seam_ruling——仍走 DOM 量测几何，同族化独立票排期）；回退层允许（DOM 量测=快→全量→DOM 三层回退的末端，warn 不静默——三回退因：页项缺失/偏移对账失败/计算异常） | src/renderer/features/reader/selection-evaluate.ts（双路径单文件：快=evaluateVisual 项几何直取/全量=evaluateFull 保存链权威）+pdf-item-geometry.ts（项几何族单源：viewportTransformFor/rectsForOffsetRange/baselineGroupBlocks/bandsFromItems+G2 检测器阈值常量）+SelectionLayer.tsx 接线（evaluate 域拆出+paint 态承载）+page-items.store（zustand 单源注册表——页项/几何下钻通道） | 单测（selection-evaluate.test：快慢等价 it——同夹具 rAF 帧快路径产物与 settle 全量产物逐位一致（块数+四向几何）+同帧覆盖 it——快路径帧落地后全量覆盖（mid-drag zoom 差分形态，终态=全量产物）+快路径跨页守卫 it+W1 mouseup 顺序锚；MUT3 快路径守卫(ii) 删除红证在档）+四轮取证 A/B 对照（scripts/audits/f-a6-forensic-verdict.md §11/§12——甲乙同链 shift ≤0.01px 按构造+D1 面逐位零回归） | 已锚定（2026-09-04） |
scripts\audits\f-a8-gate2-gate2-package.md:69:+| INV-58 | 拖选期视觉与保存 rects 同几何管线（F-A6，2026-09-04 随 c 票落地登记；**F-A8 门2 扩域**同日）：快路径（evaluateVisual）与全量（evaluateFull/settle）必须属**同一几何族**（pdf-item-geometry 项声明几何族：rectsForOffsetRange+基线分组 baselineGroupBlocks+bandsFromItems——b2 主链迁移/c 快路径接线），禁止第二几何口径（防松手同帧把旧错几何带回——deepseek 终位 WARN-3）；rect 与 bands 同由项几何+styles 派生（C5，禁项源 rect×DOM 量测 band 混用——matchBand 两口径混用=b 链错绑同构风险）；**适用域=selection 产链（evaluate→paint→pending.anchor.rects→save）+Annotation/AiAnnotation 重锚链（F-A8 门2 起项几何族=重锚主链）**；DOM 量测仅允许存在于显式回退层（resolveAnnotationRectsDom=S4 页级回退，**函数体零改**=INV-47 数值面锚）且产物必须标域（source:'dom'——INV-60）；**S6 名实（门一 W1 补注）：S6 触发=项盒健康代理——blocks 经 clamp01×base 构造恒落盒内，unhealthy 实由 boxes[项几何]越界触发，项盒健康而 DOM 链独立病理时 S6 不拦（门 3 随回退层去留复核）**；回退层允许（DOM 量测=快→全量→DOM 三层回退的末端，warn 不静默——三回退因：页项缺失/偏移对账失败/计算异常） | src/renderer/features/reader/selection-evaluate.ts（双路径单文件：快=evaluateVisual 项几何直取/全量=evaluateFull 保存链权威）+pdf-item-geometry.ts（项几何族单源：viewportTransformFor/rectsForOffsetRange/baselineGroupBlocks/bandsFromItems+G2 检测器阈值常量）+SelectionLayer.tsx 接线（evaluate 域拆出+paint 态承载）+page-items.store（zustand 单源注册表——页项/几何下钻通道）+**annotation-resolve-layered.ts（F-A8 门2：重锚三层编排器 S0~S6——AnnotationLayer/AiAnnotationLayer 共形消费）** | 单测（selection-evaluate.test：快慢等价 it——同夹具 rAF 帧快路径产物与 settle 全量产物逐位一致（块数+四向几何）+同帧覆盖 it——快路径帧落地后全量覆盖（mid-drag zoom 差分形态，终态=全量产物）+快路径跨页守卫 it+W1 mouseup 顺序锚；MUT3 快路径守卫(ii) 删除红证在档）+四轮取证 A/B 对照（scripts/audits/f-a6-forensic-verdict.md §11/§12——甲乙同链 shift ≤0.01px 按构造+D1 面逐位零回归）+**annotation-layer.test/ai-annotation-layer.test F-A8 门2 describe（S0 缺席/S1 对账失败回退/S2 项几何产物/S3b 条目回退/S6 病理抑制/CR1 竞态 fixture/域标记——M1 删订阅/M2 删 S6/M3 主链换 DOM 变异红证在档）** | 已锚定（2026-09-04 F-A6；F-A8 门2 扩域同日） |
scripts\audits\p7d01-b1-gate1-diff.patch:306:diff --git a/src/renderer/features/reader/SelectionToolbar.tsx b/src/renderer/features/reader/SelectionToolbar.tsx
scripts\audits\p7d01-b1-gate1-diff.patch:308:--- a/src/renderer/features/reader/SelectionToolbar.tsx
scripts\audits\p7d01-b1-gate1-diff.patch:309:+++ b/src/renderer/features/reader/SelectionToolbar.tsx
scripts\audits\p7d01-b1-gate1-diff.patch:587:+    '../../../src/renderer/features/reader/SelectionToolbar.tsx',
scripts\audits\p7d01-b1-gate1-package.md:505:diff --git a/src/renderer/features/reader/SelectionToolbar.tsx b/src/renderer/features/reader/SelectionToolbar.tsx
scripts\audits\p7d01-b1-gate1-package.md:507:--- a/src/renderer/features/reader/SelectionToolbar.tsx
scripts\audits\p7d01-b1-gate1-package.md:508:+++ b/src/renderer/features/reader/SelectionToolbar.tsx
scripts\audits\p7d01-b1-gate1-package.md:786:+    '../../../src/renderer/features/reader/SelectionToolbar.tsx',
scripts\audits\p7x02-gate1-diff.patch:11: | INV-58 | 拖选期视觉与保存 rects 同几何管线（F-A6，2026-09-04 随 c 票落地登记；**F-A8 门2 扩域**同日）：快路径（evaluateVisual）与全量（evaluateFull/settle）必须属**同一几何族**（pdf-item-geometry 项声明几何族：rectsForOffsetRange+基线分组 baselineGroupBlocks+bandsFromItems——b2 主链迁移/c 快路径接线），禁止第二几何口径（防松手同帧把旧错几何带回——deepseek 终位 WARN-3）；rect 与 bands 同由项几何+styles 派生（C5，禁项源 rect×DOM 量测 band 混用——matchBand 两口径混用=b 链错绑同构风险）；**适用域=selection 产链（evaluate→paint→pending.anchor.rects→save）+Annotation/AiAnnotation 重锚链（F-A8 门2 起项几何族=重锚主链）**；DOM 量测仅允许存在于显式回退层（resolveAnnotationRectsDom=S4 页级回退，**函数体零改**=INV-47 数值面锚）且产物必须标域（source:'dom'——INV-60）；**S6 名实（门一 W1 补注）：S6 触发=项盒健康代理——blocks 经 clamp01×base 构造恒落盒内，unhealthy 实由 boxes[项几何]越界触发，项盒健康而 DOM 链独立病理时 S6 不拦（门 3 随回退层去留复核）**；回退层允许（DOM 量测=快→全量→DOM 三层回退的末端，warn 不静默——三回退因：页项缺失/偏移对账失败/计算异常） | src/renderer/features/reader/selection-evaluate.ts（双路径单文件：快=evaluateVisual 项几何直取/全量=evaluateFull 保存链权威）+pdf-item-geometry.ts（项几何族单源：viewportTransformFor/rectsForOffsetRange/baselineGroupBlocks/bandsFromItems+G2 检测器阈值常量）+SelectionLayer.tsx 接线（evaluate 域拆出+paint 态承载）+page-items.store（zustand 单源注册表——页项/几何下钻通道）+**annotation-resolve-layered.ts（F-A8 门2：重锚三层编排器 S0~S6——AnnotationLayer/AiAnnotationLayer 共形消费）** | 单测（selection-evaluate.test：快慢等价 it——同夹具 rAF 帧快路径产物与 settle 全量产物逐位一致（块数+四向几何）+同帧覆盖 it——快路径帧落地后全量覆盖（mid-drag zoom 差分形态，终态=全量产物）+快路径跨页守卫 it+W1 mouseup 顺序锚；MUT3 快路径守卫(ii) 删除红证在档）+四轮取证 A/B 对照（scripts/audits/f-a6-forensic-verdict.md §11/§12——甲乙同链 shift ≤0.01px 按构造+D1 面逐位零回归）+**annotation-layer.test/ai-annotation-layer.test F-A8 门2 describe（S0 缺席/S1 对账失败回退/S2 项几何产物/S3b 条目回退/S6 病理抑制/CR1 竞态 fixture/域标记——M1 删订阅/M2 删 S6/M3 主链换 DOM 变异红证在档）** | 已锚定（2026-09-04 F-A6；F-A8 门2 扩域同日） |
scripts\audits\p7x02-gate1-package.md:256: | INV-58 | 拖选期视觉与保存 rects 同几何管线（F-A6，2026-09-04 随 c 票落地登记；**F-A8 门2 扩域**同日）：快路径（evaluateVisual）与全量（evaluateFull/settle）必须属**同一几何族**（pdf-item-geometry 项声明几何族：rectsForOffsetRange+基线分组 baselineGroupBlocks+bandsFromItems——b2 主链迁移/c 快路径接线），禁止第二几何口径（防松手同帧把旧错几何带回——deepseek 终位 WARN-3）；rect 与 bands 同由项几何+styles 派生（C5，禁项源 rect×DOM 量测 band 混用——matchBand 两口径混用=b 链错绑同构风险）；**适用域=selection 产链（evaluate→paint→pending.anchor.rects→save）+Annotation/AiAnnotation 重锚链（F-A8 门2 起项几何族=重锚主链）**；DOM 量测仅允许存在于显式回退层（resolveAnnotationRectsDom=S4 页级回退，**函数体零改**=INV-47 数值面锚）且产物必须标域（source:'dom'——INV-60）；**S6 名实（门一 W1 补注）：S6 触发=项盒健康代理——blocks 经 clamp01×base 构造恒落盒内，unhealthy 实由 boxes[项几何]越界触发，项盒健康而 DOM 链独立病理时 S6 不拦（门 3 随回退层去留复核）**；回退层允许（DOM 量测=快→全量→DOM 三层回退的末端，warn 不静默——三回退因：页项缺失/偏移对账失败/计算异常） | src/renderer/features/reader/selection-evaluate.ts（双路径单文件：快=evaluateVisual 项几何直取/全量=evaluateFull 保存链权威）+pdf-item-geometry.ts（项几何族单源：viewportTransformFor/rectsForOffsetRange/baselineGroupBlocks/bandsFromItems+G2 检测器阈值常量）+SelectionLayer.tsx 接线（evaluate 域拆出+paint 态承载）+page-items.store（zustand 单源注册表——页项/几何下钻通道）+**annotation-resolve-layered.ts（F-A8 门2：重锚三层编排器 S0~S6——AnnotationLayer/AiAnnotationLayer 共形消费）** | 单测（selection-evaluate.test：快慢等价 it——同夹具 rAF 帧快路径产物与 settle 全量产物逐位一致（块数+四向几何）+同帧覆盖 it——快路径帧落地后全量覆盖（mid-drag zoom 差分形态，终态=全量产物）+快路径跨页守卫 it+W1 mouseup 顺序锚；MUT3 快路径守卫(ii) 删除红证在档）+四轮取证 A/B 对照（scripts/audits/f-a6-forensic-verdict.md §11/§12——甲乙同链 shift ≤0.01px 按构造+D1 面逐位零回归）+**annotation-layer.test/ai-annotation-layer.test F-A8 门2 describe（S0 缺席/S1 对账失败回退/S2 项几何产物/S3b 条目回退/S6 病理抑制/CR1 竞态 fixture/域标记——M1 删订阅/M2 删 S6/M3 主链换 DOM 变异红证在档）** | 已锚定（2026-09-04 F-A6；F-A8 门2 扩域同日） |
scripts\audits\f-lint01-gate1-prompt.md:189:4. src/renderer/features/reader/SelectionToolbar.tsx:43（boxShadow rgba）
scripts\audits\f-lint01-impl.report.md:60:4. src/renderer/features/reader/SelectionToolbar.tsx:43（boxShadow rgba）
scripts\audits\f-lint02-dryrun.raw.txt:23:  src/renderer/features/reader/SelectionLayer.tsx: DRAG_SELECT_THRESHOLD_PX
scripts\audits\f-lint02-dryrun.raw.txt:37:  src/renderer/features/reader/SelectionLayer.tsx: SELECTION_DEBOUNCE_MS
scripts\audits\f-lint02-dryrun.raw.txt:45:  src/renderer/features/reader/selection-geometry.ts: TOOLBAR_HEIGHT
scripts\audits\f-lint02-dryrun.raw.txt:74:  src/renderer/features/reader/SelectionLayer.tsx: SAVE_FAILED
docs\invariants.md:73:| INV-58 | 拖选期视觉与保存 rects 同几何管线（F-A6，2026-09-04 随 c 票落地登记；**F-A8 门2 扩域**同日）：快路径（evaluateVisual）与全量（evaluateFull/settle）必须属**同一几何族**（pdf-item-geometry 项声明几何族：rectsForOffsetRange+基线分组 baselineGroupBlocks+bandsFromItems——b2 主链迁移/c 快路径接线），禁止第二几何口径（防松手同帧把旧错几何带回——deepseek 终位 WARN-3）；rect 与 bands 同由项几何+styles 派生（C5，禁项源 rect×DOM 量测 band 混用——matchBand 两口径混用=b 链错绑同构风险）；**适用域=selection 产链（evaluate→paint→pending.anchor.rects→save）+Annotation/AiAnnotation 重锚链（F-A8 门2 起项几何族=重锚主链）**；DOM 量测仅允许存在于显式回退层（resolveAnnotationRectsDom=S4 页级回退，**函数体零改**=INV-47 数值面锚）且产物必须标域（source:'dom'——INV-60）；**[F-GEOM-01-G2 保存门，2026-09-18] selection 全量评估 item 链失败（页项缺失/偏移对账失败/计算异常三因）＝仅显示不入库**：paint 照渲 DOM 回退形状（视觉连续）＋pending=null（不挂工具条＝无保存入口）——「所见≠所存时不给保存入口」，保存链落库 rects 恒为项族形状（原 pending=DOM 形状 anchor 可入库的接缝闭合，设计书 §2.4/§2.2 序列⑤）；诊断单源＝itemChainFor 三因 warn；**S6 名实（门一 W1 补注）：S6 触发=项盒健康代理——blocks 经 clamp01×base 构造恒落盒内，unhealthy 实由 boxes[项几何]越界触发，项盒健康而 DOM 链独立病理时 S6 不拦（门 3 随回退层去留复核）**；回退层允许（DOM 量测=快→全量→DOM 三层回退的末端，warn 不静默——三回退因：页项缺失/偏移对账失败/计算异常）；**[F-GEOM-01-G3 坐标域边界注，2026-09-18]** 坐标域三处换算的域归属——selection-geometry localScale=UI 布局域换算（非 PDF 几何域，不参与锚定/归一化数学）；lineage-viewport rootToLocalScale=lineage 域件（INV-43 svg 口径，跨域出 reader 几何战役范围）；annotation-resolve itemViewportOf=项族域内换算（entry 反推，产物 viewport 只入项几何族数学——精度带=门一 W3 口径既有，禁直接混入 DOM 量测域比较）；防 r3a 型域差事故重演（F-A6-b2 实现事故：viewport 产 textLayer 盒本地域 vs gBCR 绝对域混用，G2 检测器实战拦截——事故档 f-a6-diag-out-r3a 在案） | src/renderer/features/reader/selection-evaluate.ts（双路径单文件：快=evaluateVisual 项几何直取/全量=evaluateFull 保存链权威）+pdf-item-geometry.ts（项几何族单源：viewportTransformFor/rectsForOffsetRange/baselineGroupBlocks/bandsFromItems+G2 检测器阈值常量）+SelectionLayer.tsx 接线（evaluate 域拆出+paint 态承载）+page-items.store（zustand 单源注册表——页项/几何下钻通道）+**annotation-resolve-layered.ts（F-A8 门2：重锚三层编排器 S0~S6——AnnotationLayer/AiAnnotationLayer 共形消费）** | 单测（selection-evaluate.test：快慢等价 it——同夹具 rAF 帧快路径产物与 settle 全量产物逐位一致（块数+四向几何）+同帧覆盖 it——快路径帧落地后全量覆盖（mid-drag zoom 差分形态，终态=全量产物）+快路径跨页守卫 it+W1 mouseup 顺序锚；MUT3 快路径守卫(ii) 删除红证在档）+四轮取证 A/B 对照（scripts/audits/f-a6-forensic-verdict.md §11/§12——甲乙同链 shift ≤0.01px 按构造+D1 面逐位零回归）+**annotation-layer.test/ai-annotation-layer.test F-A8 门2 describe（S0 缺席/S1 对账失败回退/S2 项几何产物/S3b 条目回退/S6 病理抑制/CR1 竞态 fixture/域标记——M1 删订阅/M2 删 S6/M3 主链换 DOM 变异红证在档）**；G2 保存门锚＝selection-item-chain.test 回退①改写（工具条 null——变异红证在档） | 已锚定（2026-09-04 F-A6；F-A8 门2 扩域同日） |
docs\invariants.md:78:| INV-62 | 划选终点事件层可重定向：mouseup 真划选（位移≥3px）且释放点浅探（focus 行盒顶上方间隙+距上一视觉行盒底 ≤ max(距 focus 盒顶, 4px 余量)+释放 x 在上一行释放 x 最近栏组右缘+1px 外——该处无文本）时，selection focus 可被改写为上一行（该栏组）行尾（锚定侧原样）——锚定链输入此前仅浏览器原生解析（F-A10 G2 文本位下探锚定层零 DOM 信号），事件层改写须发生在 evaluate.full 之前同帧消费终态；量测不可用环境零变 | F-A12 2026-09-10；判定=src/renderer/features/reader/release-affinity.ts（纯函数——手势态表+事件时间线驻头注）；接线=SelectionLayer.onMouseUp（dragged 门=程序化零触） | release-affinity.test.ts 17 用例（G2 紧间隙复刻/深点零变/词间空格行盒内零触/向上对称面/四零盒守卫/双栏最近栏组定向/首行零变/坍缩零触/等距取上一行/大间隙刻意零变/W1 域判别+容差双点/W2 跨多行上界/C-1 翻转兜底回归网）+selection-layer-fa12.test.tsx 接线三态锁（程序化零触/微位移早退/真划选触发） | 已锚定（单测级 F-A12 本单；已知边界=栏间隙释放保守零变[R-2]+组内 right 非单调选组偏差[R-1 罕见保守]——观察备案真机再现再立票） |
docs\design\2026-09-03_f-a6-selection-root-fix.md:168:| `src/renderer/features/reader/selection-evaluate.ts`（新） | evaluateVisual（快路径数据链——**双路线（deepseek 终位 WARN-3 贯通）**：R-加固=视口 clientRects→增量维护被选 textNodes/span 集合（Range 子树父元素枚举——首次全量+跨帧增长增量，缓存 keyed by span）→pixelBoxOf(textLayer) 归一化→同源 mergeLineRects+mergeRects→缓存 bands（bandsForTextNodes 消费同一 textNodes 集合）；R-迁移=**pdf-item-geometry 项几何直取**（偏移区间→项集+grapheme 细分→项矩形+项派生 bands——全部布局读出链）**）/evaluateFull（现行逻辑**迁移+删 visualOnly 死参面**——onVisual 不再调 evaluate(·,true) 后 SelectionLayer.tsx:103/113/123/129/138-139 分支全死，P10 死代码即删；**R-迁移下 evaluateFull 同步切项几何链=全量权威与快路径同族**）**守卫前置（强制条款——Kimi 拟定裁决 2-§5①）**：必须复用现行 evaluate 的四道收敛守卫——(i) sel null/rangeCount 0/isCollapsed→setPaint(null)；(ii) closestPageRoot(anchorNode)≠closestPageRoot(focusNode)→setPaint(null) 静默（visualOnly 不 toast，现行语义）；(iii) 页外/textLayer 缺→setPaint(null)；(iv) range.getBoundingClientRect() 零宽零高→setPaint(null)。缺一则跨页/坍缩拖选会把跨页 clientRects 归一化进单页 pixelBoxOf=textLayer 盒=新 D1 同族错乱源；归一化基准=选区所在页 textLayer 的 pixelBoxOf（与 settle 同盒，在转换链内非注脚）+拖选会话缓存（span band/fontSize/基准盒；R-迁移路线无此面——项几何缩放不变零重算）+S9 检测器挂点；tick 预算含增量枚举成本（首帧全量、后续增量≈选区增长量级） | +~170 |
docs\design\2026-09-03_f-a6-selection-root-fix.md:169:| `src/renderer/features/reader/SelectionLayer.tsx` | evaluate 迁出+双路径接线（**红线解除目标 ≤220——实施以实际 diff 为准**，deepseek NIT-4：不给伪精确行数；方向=净减（evaluate 闭包整体迁出） | 净减（目标 ~200±20） |
docs\design\2026-09-03_f-a6-selection-root-fix.md:170:| `src/renderer/features/reader/selection-geometry.ts` | createVisualScheduler 改 rAF 对齐：leading 首事件即排 rAF（≤16ms，S1b 零反馈红线保持）、帧内合帧去重、settle 防抖 200ms **零变**、cancel 清 rAF | +~35（144→~180） |
docs\design\2026-09-03_f-a6-selection-root-fix.md:171:| `src/renderer/features/reader/selection-paint.tsx` | React.memo+props 稳定化 | +~8 |
G7_FULLSCAN_HITS=405
